cluster_id,cluster_size,splits,labels,label_conflict,cross_split,train_count,heldout_count,representative_id,representative_text,member_ids,source_script,method_version
E0001,2,train,spam,False,False,2,0,T0003,Free entry in 2 a wkly comp to win FA Cup final tkts 21st May 2005. Text FA to 87121 to receive entry question(std txt rate)T&C's apply 08452810075over18's,T0003|T0942,scripts/audit_duplicates.py,duplicate-audit-v1.1-stable-pair-keys
E0002,3,train,ham,False,False,3,0,T0008,As per your request 'Melle Melle (Oru Minnaminunginte Nurungu Vettam)' has been set as your callertune for all Callers. Press *9 to copy your friends Callertune,T0008|T0089|T0131,scripts/audit_duplicates.py,duplicate-audit-v1.1-stable-pair-keys
E0003,2,train,spam,False,False,2,0,T0009,WINNER!! As a valued network customer you have been selected to receivea £900 prize reward! To claim call 09061701461. Claim code KL341. Valid 12 hours only.,T0009|T3446,scripts/audit_duplicates.py,duplicate-audit-v1.1-stable-pair-keys
E0004,2,train,spam,False,False,2,0,T0010,Had your mobile 11 months or more? U R entitled to Update to the latest colour mobiles with camera for Free! Call The Mobile Update Co FREE on 08002986030,T0010|T3348,scripts/audit_duplicates.py,duplicate-audit-v1.1-stable-pair-keys
E0005,2,train,spam,False,False,2,0,T0012,"SIX chances to win CASH! From 100 to 20,000 pounds txt> CSH11 and send to 87575. Cost 150p/day, 6days, 16+ TsandCs apply Reply HL 4 info",T0012|T2597,scripts/audit_duplicates.py,duplicate-audit-v1.1-stable-pair-keys
E0006,2,train,spam,False,False,2,0,T0013,"URGENT! You have won a 1 week FREE membership in our £100,000 Prize Jackpot! Txt the word: CLAIM to No: 81010 T&C www.dbuk.net LCCLTD POBOX 4403LDNW1A7RW18",T0013|T4227,scripts/audit_duplicates.py,duplicate-audit-v1.1-stable-pair-keys
E0007,3,train,ham,False,False,3,0,T0039,No calls..messages..missed calls,T0039|T0271|T1590,scripts/audit_duplicates.py,duplicate-audit-v1.1-stable-pair-keys
E0008,3,train,spam,False,False,3,0,T0049,"Congrats! 1 year special cinema pass for 2 is yours. call 09061209465 now! C Suprman V, Matrix3, StarWars3, etc all 4 FREE! bx420-ip4-5we. 150pm. Dont miss out! ",T0049|T0401|T1838,scripts/audit_duplicates.py,duplicate-audit-v1.1-stable-pair-keys
E0009,2,heldout|train,ham,False,True,1,1,H0009,"Sorry, I'll call later in meeting.",H0009|T3705,scripts/audit_duplicates.py,duplicate-audit-v1.1-stable-pair-keys
E0010,2,train,ham,False,False,2,0,T0054,Its a part of checking IQ,T0054|T4198,scripts/audit_duplicates.py,duplicate-audit-v1.1-stable-pair-keys
E0011,2,train,spam,False,False,2,0,T0057,"As a valued customer, I am pleased to advise you that following recent review of your Mob No. you are awarded with a £1500 Bonus Prize, call 09066364589",T0057|T2741,scripts/audit_duplicates.py,duplicate-audit-v1.1-stable-pair-keys
E0012,2,heldout,ham,False,False,0,2,H0010,"Today is ""song dedicated day.."" Which song will u dedicate for me? Send this to all ur valuable frnds but first rply me...",H0010|H0332,scripts/audit_duplicates.py,duplicate-audit-v1.1-stable-pair-keys
E0013,2,train,spam,False,False,2,0,T0058,"Urgent UR awarded a complimentary trip to EuroDisinc Trav, Aco&Entry41 Or £1000. To claim txt DIS to 87121 18+6*£1.50(moreFrmMob. ShrAcomOrSglSuplt)10, LS1 3AJ",T0058|T3573,scripts/audit_duplicates.py,duplicate-audit-v1.1-stable-pair-keys
E0014,30,train,ham,False,False,30,0,T0069,"Sorry, I'll call later",T0069|T0188|T0283|T0367|T0569|T0623|T0915|T0933|T1194|T1277|T1526|T1586|T1591|T1911|T1965|T2024|T2028|T2029|T2128|T2699|T2714|T2850|T2900|T3321|T3358|T3373|T4158|T4338|T4366|T4448,scripts/audit_duplicates.py,duplicate-audit-v1.1-stable-pair-keys
E0015,3,train,ham,False,False,3,0,T0072,You will be in the place of that man,T0072|T0538|T1883,scripts/audit_duplicates.py,duplicate-audit-v1.1-stable-pair-keys
E0016,2,train,ham,False,False,2,0,T0074,"I call you later, don't have network. If urgnt, sms me.",T0074|T1011,scripts/audit_duplicates.py,duplicate-audit-v1.1-stable-pair-keys
E0017,2,heldout,ham,False,False,0,2,H0013,Smile in Pleasure Smile in Pain Smile when trouble pours like Rain Smile when sum1 Hurts U Smile becoz SOMEONE still Loves to see u Smiling!!,H0013|H1042,scripts/audit_duplicates.py,duplicate-audit-v1.1-stable-pair-keys
E0018,2,heldout,spam,False,False,0,2,H0014,Please call our customer service representative on 0800 169 6031 between 10am-9pm as you have WON a guaranteed £1000 cash or £5000 prize!,H0014|H0918,scripts/audit_duplicates.py,duplicate-audit-v1.1-stable-pair-keys
E0019,2,heldout,spam,False,False,0,2,H0015,"Your free ringtone is waiting to be collected. Simply text the password ""MIX"" to 85069 to verify. Get Usher and Britney. FML, PO Box 5249, MK17 92H. 450Ppw 16",H0015|H0171,scripts/audit_duplicates.py,duplicate-audit-v1.1-stable-pair-keys
E0020,2,train,spam,False,False,2,0,T0098,GENT! We are trying to contact you. Last weekends draw shows that you won a £1000 prize GUARANTEED. Call 09064012160. Claim Code K52. Valid 12hrs only. 150ppm,T0098|T0462,scripts/audit_duplicates.py,duplicate-audit-v1.1-stable-pair-keys
E0021,3,train,ham,False,False,3,0,T0099,"As I entered my cabin my PA said, '' Happy B'day Boss !!''. I felt special. She askd me 4 lunch. After lunch she invited me to her apartment. We went there.",T0099|T0176|T0916,scripts/audit_duplicates.py,duplicate-audit-v1.1-stable-pair-keys
E0022,2,train,spam,False,False,2,0,T0103,PRIVATE! Your 2004 Account Statement for 07742676969 shows 786 unredeemed Bonus Points. To claim call 08719180248 Identifier Code: 45239 Expires,T0103|T1681,scripts/audit_duplicates.py,duplicate-audit-v1.1-stable-pair-keys
E0023,2,train,spam,False,False,2,0,T0115,Sunshine Quiz Wkly Q! Win a top Sony DVD player if u know which country the Algarve is in? Txt ansr to 82277. £1.50 SP:Tyrone,T0115|T1357,scripts/audit_duplicates.py,duplicate-audit-v1.1-stable-pair-keys
E0024,3,train,ham,False,False,3,0,T0118,No no. I will check all rooms befor activities,T0118|T3282|T4074,scripts/audit_duplicates.py,duplicate-audit-v1.1-stable-pair-keys
E0025,2,train,spam,False,False,2,0,T0136,You are a winner U have been specially selected 2 receive £1000 cash or a 4* holiday (flights inc) speak to a live operator 2 claim 0871277810810,T0136|T0994,scripts/audit_duplicates.py,duplicate-audit-v1.1-stable-pair-keys
E0026,2,train,ham,False,False,2,0,T0145,Yes :)it completely in out of form:)clark also utter waste.,T0145|T1574,scripts/audit_duplicates.py,duplicate-audit-v1.1-stable-pair-keys
E0027,3,train,ham,False,False,3,0,T0155,Hi! You just spoke to MANEESHA V. We'd like to know if you were satisfied with the experience. Reply Toll Free with Yes or No.,T0155|T2126|T3043,scripts/audit_duplicates.py,duplicate-audit-v1.1-stable-pair-keys
E0028,4,train,spam,False,False,4,0,T0161,Please call our customer service representative on FREEPHONE 0808 145 4742 between 9am-11pm as you have WON a guaranteed £1000 cash or £5000 prize!,T0161|T0811|T3230|T3252,scripts/audit_duplicates.py,duplicate-audit-v1.1-stable-pair-keys
E0029,2,train,ham,False,False,2,0,T0166,How are you doing? Hope you've settled in for the new school year. Just wishin you a gr8 day,T0166|T1893,scripts/audit_duplicates.py,duplicate-audit-v1.1-stable-pair-keys
E0030,3,heldout,ham,False,False,0,3,H0031,Gud mrng dear hav a nice day,H0031|H0152|H0727,scripts/audit_duplicates.py,duplicate-audit-v1.1-stable-pair-keys
E0031,3,train,ham,False,False,3,0,T0167,Did u got that persons story,T0167|T0535|T3725,scripts/audit_duplicates.py,duplicate-audit-v1.1-stable-pair-keys
E0032,2,train,ham,False,False,2,0,T0173,Your account has been refilled successfully by INR  &lt;DECIMAL&gt; . Your KeralaCircle prepaid account balance is Rs  &lt;DECIMAL&gt; . Your Transaction ID is KR &lt;#&gt; .,T0173|T1179,scripts/audit_duplicates.py,duplicate-audit-v1.1-stable-pair-keys
E0033,2,train,ham,False,False,2,0,T0185,Easy ah?sen got selected means its good..,T0185|T0843,scripts/audit_duplicates.py,duplicate-audit-v1.1-stable-pair-keys
E0034,2,heldout,ham,False,False,0,2,H0038,Yes:)here tv is always available in work place..,H0038|H0732,scripts/audit_duplicates.py,duplicate-audit-v1.1-stable-pair-keys
E0035,3,heldout,ham,False,False,0,3,H0040,"New Theory: Argument wins d SITUATION, but loses the PERSON. So dont argue with ur friends just.. . . . kick them &amp; say, I'm always correct.!",H0040|H0223|H0975,scripts/audit_duplicates.py,duplicate-audit-v1.1-stable-pair-keys
E0036,2,train,spam,False,False,2,0,T0201,U 447801259231 have a secret admirer who is looking 2 make contact with U-find out who they R*reveal who thinks UR so special-call on 09058094597,T0201|T3494,scripts/audit_duplicates.py,duplicate-audit-v1.1-stable-pair-keys
E0037,2,train,spam,False,False,2,0,T0209,Congratulations ur awarded 500 of CD vouchers or 125gift guaranteed & Free entry 2 100 wkly draw txt MUSIC to 87066 TnCs www.Ldew.com1win150ppmx3age16,T0209|T0296,scripts/audit_duplicates.py,duplicate-audit-v1.1-stable-pair-keys
E0038,2,train,ham,False,False,2,0,T0210,Ranjith cal drpd Deeraj and deepak 5min hold,T0210|T3585,scripts/audit_duplicates.py,duplicate-audit-v1.1-stable-pair-keys
E0039,4,train,ham,False,False,4,0,T0211,"Wen ur lovable bcums angry wid u, dnt take it seriously.. Coz being angry is d most childish n true way of showing deep affection, care n luv!.. kettoda manda... Have nice day da.",T0211|T1136|T1214|T2184,scripts/audit_duplicates.py,duplicate-audit-v1.1-stable-pair-keys
E0040,2,train,ham,False,False,2,0,T0212,What you doing?how are you?,T0212|T3312,scripts/audit_duplicates.py,duplicate-audit-v1.1-stable-pair-keys
E0041,2,train,ham,False,False,2,0,T0220,Yup,T0220|T4377,scripts/audit_duplicates.py,duplicate-audit-v1.1-stable-pair-keys
E0042,3,train,spam,False,False,3,0,T0230,HMV BONUS SPECIAL 500 pounds of genuine HMV vouchers to be won. Just answer 4 easy questions. Play Now! Send HMV to 86688 More info:www.100percent-real.com,T0230|T1506|T3459,scripts/audit_duplicates.py,duplicate-audit-v1.1-stable-pair-keys
E0043,3,train,ham,False,False,3,0,T0238,Okie...,T0238|T1877|T3415,scripts/audit_duplicates.py,duplicate-audit-v1.1-stable-pair-keys
E0044,2,heldout,ham,False,False,0,2,H0048,"My life Means a lot to me, Not because I love my life, But because I love the people in my life, The world calls them friends, I call them my World:-).. Ge:-)..",H0048|H0931,scripts/audit_duplicates.py,duplicate-audit-v1.1-stable-pair-keys
E0045,3,train,ham,False,False,3,0,T0247,Are you this much buzy,T0247|T0781|T2204,scripts/audit_duplicates.py,duplicate-audit-v1.1-stable-pair-keys
E0046,2,train,ham,False,False,2,0,T0251,Hurt me... Tease me... Make me cry... But in the end of my life when i die plz keep one rose on my grave and say STUPID I MISS U.. HAVE A NICE DAY BSLVYL,T0251|T3463,scripts/audit_duplicates.py,duplicate-audit-v1.1-stable-pair-keys
E0047,12,heldout,ham,False,False,0,12,H0049,I cant pick the phone right now. Pls send a message,H0049|H0147|H0252|H0347|H0387|H0459|H0518|H0717|H0791|H0923|H0979|H1079,scripts/audit_duplicates.py,duplicate-audit-v1.1-stable-pair-keys
E0048,3,train,ham,False,False,3,0,T0259,Today is ACCEPT DAY..U Accept me as? Brother Sister Lover Dear1 Best1 Clos1 Lvblefrnd Jstfrnd Cutefrnd Lifpartnr Belovd Swtheart Bstfrnd No rply means enemy,T0259|T1265|T3145,scripts/audit_duplicates.py,duplicate-audit-v1.1-stable-pair-keys
E0049,3,heldout|train,spam,False,True,2,1,T0266,December only! Had your mobile 11mths+? You are entitled to update to the latest colour camera mobile for Free! Call The Mobile Update Co FREE on 08002986906,T0266|H0548|T4368,scripts/audit_duplicates.py,duplicate-audit-v1.1-stable-pair-keys
E0050,3,train,ham,False,False,3,0,T0282,Just sleeping..and surfing,T0282|T0628|T4432,scripts/audit_duplicates.py,duplicate-audit-v1.1-stable-pair-keys
E0051,2,train,ham,False,False,2,0,T0289,Gudnite....tc...practice going on,T0289|T0437,scripts/audit_duplicates.py,duplicate-audit-v1.1-stable-pair-keys
E0052,2,train,ham,False,False,2,0,T0293,"TODAY is Sorry day.! If ever i was angry with you, if ever i misbehaved or hurt you? plz plz JUST SLAP URSELF Bcoz, Its ur fault, I'm basically GOOD",T0293|T2548,scripts/audit_duplicates.py,duplicate-audit-v1.1-stable-pair-keys
E0053,2,train,spam,False,False,2,0,T0317,"Double mins and txts 4 6months FREE Bluetooth on Orange. Available on Sony, Nokia Motorola phones. Call MobileUpd8 on 08000839402 or call2optout/N9DX",T0317|T3378,scripts/audit_duplicates.py,duplicate-audit-v1.1-stable-pair-keys
E0054,2,heldout,spam,False,False,0,2,H0071,4mths half price Orange line rental & latest camera phones 4 FREE. Had your phone 11mths ? Call MobilesDirect free on 08000938767 to update now! or2stoptxt,H0071|H0408,scripts/audit_duplicates.py,duplicate-audit-v1.1-stable-pair-keys
E0055,2,train,ham,False,False,2,0,T0338,Message:some text missing* Sender:Name Missing* *Number Missing *Sent:Date missing *Missing U a lot thats y everything is missing sent via fullonsms.com,T0338|T0922,scripts/audit_duplicates.py,duplicate-audit-v1.1-stable-pair-keys
E0056,2,train,ham,False,False,2,0,T0342,Whatsup there. Dont u want to sleep,T0342|T2194,scripts/audit_duplicates.py,duplicate-audit-v1.1-stable-pair-keys
E0057,3,train,ham,False,False,3,0,T0352,aathi..where are you dear..,T0352|T2293|T2804,scripts/audit_duplicates.py,duplicate-audit-v1.1-stable-pair-keys
E0058,3,train,ham,False,False,3,0,T0355,I wnt to buy a BMW car urgently..its vry urgent.but hv a shortage of  &lt;#&gt; Lacs.there is no source to arng dis amt. &lt;#&gt; lacs..thats my prob,T0355|T1588|T4083,scripts/audit_duplicates.py,duplicate-audit-v1.1-stable-pair-keys
E0059,2,train,spam,False,False,2,0,T0356,Congrats! Nokia 3650 video camera phone is your Call 09066382422 Calls cost 150ppm Ave call 3mins vary from mobiles 16+ Close 300603 post BCM4284 Ldn WC1N3XX,T0356|T3354,scripts/audit_duplicates.py,duplicate-audit-v1.1-stable-pair-keys
E0060,2,train,ham,False,False,2,0,T0364,Yes..he is really great..bhaji told kallis best cricketer after sachin in world:).very tough to get out.,T0364|T0812,scripts/audit_duplicates.py,duplicate-audit-v1.1-stable-pair-keys
E0061,3,train,spam,False,False,3,0,T0374,"Loan for any purpose £500 - £75,000. Homeowners + Tenants welcome. Have you been previously refused? We can still help. Call Free 0800 1956669 or text back 'help'",T0374|T1429|T2420,scripts/audit_duplicates.py,duplicate-audit-v1.1-stable-pair-keys
E0062,3,heldout,ham,False,False,0,3,H0086,Love you aathi..love u lot..,H0086|H0460|H0780,scripts/audit_duplicates.py,duplicate-audit-v1.1-stable-pair-keys
E0063,2,train,spam,False,False,2,0,T0398,"FREE MESSAGE Activate your 500 FREE Text Messages by replying to this message with the word FREE For terms & conditions, visit www.07781482378.com",T0398|T2670,scripts/audit_duplicates.py,duplicate-audit-v1.1-stable-pair-keys
E0064,2,train,ham,False,False,2,0,T0402,"Sorry,in meeting I'll call later",T0402|T2340,scripts/audit_duplicates.py,duplicate-audit-v1.1-stable-pair-keys
E0065,3,train,ham,False,False,3,0,T0410,"Fighting with the world is easy, u either win or lose bt fightng with some1 who is close to u is dificult if u lose - u lose if u win - u still lose.",T0410|T1173|T1379,scripts/audit_duplicates.py,duplicate-audit-v1.1-stable-pair-keys
E0066,2,train,spam,False,False,2,0,T0413,+123 Congratulations - in this week's competition draw u have won the £1450 prize to claim just call 09050002311 b4280703. T&Cs/stop SMS 08718727868. Over 18 only 150ppm,T0413|T1703,scripts/audit_duplicates.py,duplicate-audit-v1.1-stable-pair-keys
E0067,4,train,ham,False,False,4,0,T0415,Your opinion about me? 1. Over 2. Jada 3. Kusruthi 4. Lovable 5. Silent 6. Spl character 7. Not matured 8. Stylish 9. Simple Pls reply..,T0415|T0634|T1000|T4196,scripts/audit_duplicates.py,duplicate-audit-v1.1-stable-pair-keys
E0068,3,train,ham,False,False,3,0,T0416,Prabha..i'm soryda..realy..frm heart i'm sory,T0416|T1774|T4187,scripts/audit_duplicates.py,duplicate-audit-v1.1-stable-pair-keys
E0069,2,train,ham,False,False,2,0,T0426,Shall i come to get pickle,T0426|T1598,scripts/audit_duplicates.py,duplicate-audit-v1.1-stable-pair-keys
E0070,2,train,spam,False,False,2,0,T0431,"Today's Offer! Claim ur £150 worth of discount vouchers! Text YES to 85023 now! SavaMob, member offers mobile! T Cs 08717898035. £3.00 Sub. 16 . Unsub reply X",T0431|T0688,scripts/audit_duplicates.py,duplicate-audit-v1.1-stable-pair-keys
E0071,3,train,ham,False,False,3,0,T0436,What Today-sunday..sunday is holiday..so no work..,T0436|T2488|T4381,scripts/audit_duplicates.py,duplicate-audit-v1.1-stable-pair-keys
E0072,3,train,ham,False,False,3,0,T0442,Ummmmmaah Many many happy returns of d day my dear sweet heart.. HAPPY BIRTHDAY dear,T0442|T1012|T3858,scripts/audit_duplicates.py,duplicate-audit-v1.1-stable-pair-keys
E0073,3,train,ham,False,False,3,0,T0483,"I'm in a meeting, call me later at",T0483|T2734|T3715,scripts/audit_duplicates.py,duplicate-audit-v1.1-stable-pair-keys
E0074,2,heldout,spam,False,False,0,2,H0109,"For ur chance to win a £250 wkly shopping spree TXT: SHOP to 80878. T's&C's www.txt-2-shop.com custcare 08715705022, 1x150p/wk",H0109|H0911,scripts/audit_duplicates.py,duplicate-audit-v1.1-stable-pair-keys
E0075,2,train,spam,False,False,2,0,T0489,You have an important customer service announcement. Call FREEPHONE 0800 542 0825 now!,T0489|T3143,scripts/audit_duplicates.py,duplicate-audit-v1.1-stable-pair-keys
E0076,2,train,spam,False,False,2,0,T0515,Todays Vodafone numbers ending with 4882 are selected to a receive a £350 award. If your number matches call 09064019014 to receive your £350 award.,T0515|T3913,scripts/audit_duplicates.py,duplicate-audit-v1.1-stable-pair-keys
E0077,3,heldout,ham,False,False,0,3,H0117,I had askd u a question some hours before. Its answer,H0117|H0395|H0749,scripts/audit_duplicates.py,duplicate-audit-v1.1-stable-pair-keys
E0078,2,train,ham,False,False,2,0,T0526,Ya very nice. . .be ready on thursday,T0526|T3802,scripts/audit_duplicates.py,duplicate-audit-v1.1-stable-pair-keys
E0079,3,train,ham,False,False,3,0,T0528,"Watching cartoon, listening music &amp; at eve had to go temple &amp; church.. What about u?",T0528|T0780|T3900,scripts/audit_duplicates.py,duplicate-audit-v1.1-stable-pair-keys
E0080,2,train,ham,False,False,2,0,T0541,"Under the sea, there lays a rock. In the rock, there is an envelope. In the envelope, there is a paper. On the paper, there are 3 words... '",T0541|T2061,scripts/audit_duplicates.py,duplicate-audit-v1.1-stable-pair-keys
E0081,2,train,ham,False,False,2,0,T0546,Have a good evening! Ttyl,T0546|T0669,scripts/audit_duplicates.py,duplicate-audit-v1.1-stable-pair-keys
E0082,2,train,ham,False,False,2,0,T0575,"Height of Confidence: All the Aeronautics professors wer calld &amp; they wer askd 2 sit in an aeroplane. Aftr they sat they wer told dat the plane ws made by their students. Dey all hurried out of d plane.. Bt only 1 didnt move... He said:""if it is made by my students,this wont even start........ Datz confidence..",T0575|T2385,scripts/audit_duplicates.py,duplicate-audit-v1.1-stable-pair-keys
E0083,2,train,ham,False,False,2,0,T0579,He also knows about lunch menu only da. . I know,T0579|T0968,scripts/audit_duplicates.py,duplicate-audit-v1.1-stable-pair-keys
E0084,3,train,ham,False,False,3,0,T0620,"Wishing you and your family Merry ""X"" mas and HAPPY NEW Year in advance..",T0620|T1334|T2443,scripts/audit_duplicates.py,duplicate-audit-v1.1-stable-pair-keys
E0085,2,heldout,ham,False,False,0,2,H0154,Ok i msg u b4 i leave my house.,H0154|H0872,scripts/audit_duplicates.py,duplicate-audit-v1.1-stable-pair-keys
E0086,2,train,spam,False,False,2,0,T0648,"Last Chance! Claim ur £150 worth of discount vouchers today! Text SHOP to 85023 now! SavaMob, offers mobile! T Cs SavaMob POBOX84, M263UZ. £3.00 Sub. 16",T0648|T2319,scripts/audit_duplicates.py,duplicate-audit-v1.1-stable-pair-keys
E0087,2,train,spam,False,False,2,0,T0650,FREE for 1st week! No1 Nokia tone 4 ur mobile every week just txt NOKIA to 8077 Get txting and tell ur mates. www.getzed.co.uk POBox 36504 W45WQ 16+ norm150p/tone,T0650|T4113,scripts/audit_duplicates.py,duplicate-audit-v1.1-stable-pair-keys
E0088,3,train,ham,False,False,3,0,T0671,Hahaha..use your brain dear,T0671|T4252|T4444,scripts/audit_duplicates.py,duplicate-audit-v1.1-stable-pair-keys
E0089,2,heldout,spam,False,False,0,2,H0159,U have a secret admirer. REVEAL who thinks U R So special. Call 09065174042. To opt out Reply REVEAL STOP. 1.50 per msg recd. Cust care 07821230901,H0159|H0586,scripts/audit_duplicates.py,duplicate-audit-v1.1-stable-pair-keys
E0090,2,train,ham,False,False,2,0,T0677,Good Morning my Dear........... Have a great &amp; successful day.,T0677|T2608,scripts/audit_duplicates.py,duplicate-audit-v1.1-stable-pair-keys
E0091,2,heldout|train,spam,False,True,1,1,T0683,"Urgent! call 09066350750 from your landline. Your complimentary 4* Ibiza Holiday or 10,000 cash await collection SAE T&Cs PO BOX 434 SK3 8WP 150 ppm 18+ ",T0683|H0909,scripts/audit_duplicates.py,duplicate-audit-v1.1-stable-pair-keys
E0092,2,heldout,spam,False,False,0,2,H0169,"Shop till u Drop, IS IT YOU, either 10K, 5K, £500 Cash or £100 Travel voucher, Call now, 09064011000. NTT PO Box CR01327BT fixedline Cost 150ppm mobile vary",H0169|H0435,scripts/audit_duplicates.py,duplicate-audit-v1.1-stable-pair-keys
E0093,2,heldout,spam,False,False,0,2,H0170,Sunshine Quiz Wkly Q! Win a top Sony DVD player if u know which country Liverpool played in mid week? Txt ansr to 82277. £1.50 SP:Tyrone,H0170|H0515,scripts/audit_duplicates.py,duplicate-audit-v1.1-stable-pair-keys
E0094,3,train,ham,False,False,3,0,T0721,Wife.how she knew the time of murder exactly,T0721|T2280|T2596,scripts/audit_duplicates.py,duplicate-audit-v1.1-stable-pair-keys
E0095,2,train,ham,False,False,2,0,T0728,Hope you are having a good week. Just checking in,T0728|T3646,scripts/audit_duplicates.py,duplicate-audit-v1.1-stable-pair-keys
E0096,2,train,ham,False,False,2,0,T0745,"When people see my msgs, They think Iam addicted to msging... They are wrong, Bcoz They don\'t know that Iam addicted to my sweet Friends..!! BSLVYL",T0745|T2549,scripts/audit_duplicates.py,duplicate-audit-v1.1-stable-pair-keys
E0097,2,train,ham,False,False,2,0,T0773,"Beautiful Truth against Gravity.. Read carefully: ""Our heart feels light when someone is in it.. But it feels very heavy when someone leaves it.."" GOOD NIGHT",T0773|T1704,scripts/audit_duplicates.py,duplicate-audit-v1.1-stable-pair-keys
E0098,2,heldout,ham,False,False,0,2,H0183,"Love isn't a decision, it's a feeling. If we could decide who to love, then, life would be much simpler, but then less magical",H0183|H0590,scripts/audit_duplicates.py,duplicate-audit-v1.1-stable-pair-keys
E0099,2,train,spam,False,False,2,0,T0779,URGENT! We are trying to contact U. Todays draw shows that you have won a £800 prize GUARANTEED. Call 09050001808 from land line. Claim M95. Valid12hrs only,T0779|T2801,scripts/audit_duplicates.py,duplicate-audit-v1.1-stable-pair-keys
E0100,2,heldout,ham,False,False,0,2,H0186,I am not sure about night menu. . . I know only about noon menu,H0186|H0541,scripts/audit_duplicates.py,duplicate-audit-v1.1-stable-pair-keys
E0101,2,heldout,ham,False,False,0,2,H0189,If he started searching he will get job in few days.he have great potential and talent.,H0189|H0426,scripts/audit_duplicates.py,duplicate-audit-v1.1-stable-pair-keys
E0102,2,train,ham,False,False,2,0,T0804,The Xmas story is peace.. The Xmas msg is love.. The Xmas miracle is jesus.. Hav a blessed month ahead &amp; wish U Merry Xmas...,T0804|T1862,scripts/audit_duplicates.py,duplicate-audit-v1.1-stable-pair-keys
E0103,3,heldout,spam,False,False,0,3,H0196,FREE for 1st week! No1 Nokia tone 4 ur mob every week just txt NOKIA to 8007 Get txting and tell ur mates www.getzed.co.uk POBox 36504 W45WQ norm150p/tone 16+,H0196|H0733|H0821,scripts/audit_duplicates.py,duplicate-audit-v1.1-stable-pair-keys
E0104,2,heldout,ham,False,False,0,2,H0198,May i call You later Pls,H0198|H0360,scripts/audit_duplicates.py,duplicate-audit-v1.1-stable-pair-keys
E0105,2,train,ham,False,False,2,0,T0840,"Edison has rightly said, ""A fool can ask more questions than a wise man can answer"" Now you know why all of us are speechless during ViVa.. GM,GN,GE,GNT:-)",T0840|T4042,scripts/audit_duplicates.py,duplicate-audit-v1.1-stable-pair-keys
E0106,2,train,ham,False,False,2,0,T0847,"Do 1 thing! Change that sentence into: ""Because i want 2 concentrate in my educational career im leaving here..""",T0847|T3151,scripts/audit_duplicates.py,duplicate-audit-v1.1-stable-pair-keys
E0107,2,train,spam,False,False,2,0,T0850,18 days to Euro2004 kickoff! U will be kept informed of all the latest news and results daily. Unsubscribe send GET EURO STOP to 83222.,T0850|T2189,scripts/audit_duplicates.py,duplicate-audit-v1.1-stable-pair-keys
E0108,3,train,ham,False,False,3,0,T0856,I'm at work. Please call,T0856|T1741|T4308,scripts/audit_duplicates.py,duplicate-audit-v1.1-stable-pair-keys
E0109,2,train,spam,False,False,2,0,T0859,EASTENDERS TV Quiz. What FLOWER does DOT compare herself to? D= VIOLET E= TULIP F= LILY txt D E or F to 84025 NOW 4 chance 2 WIN £100 Cash WKENT/150P16+,T0859|T2458,scripts/audit_duplicates.py,duplicate-audit-v1.1-stable-pair-keys
E0110,2,heldout,ham,False,False,0,2,H0204,Meeting u is my work. . . Tel me when shall i do my work tomorrow,H0204|H0702,scripts/audit_duplicates.py,duplicate-audit-v1.1-stable-pair-keys
E0111,2,train,spam,False,False,2,0,T0866,Someone U know has asked our dating service 2 contact you! Cant Guess who? CALL 09058091854 NOW all will be revealed. PO BOX385 M6 6WU,T0866|T3470,scripts/audit_duplicates.py,duplicate-audit-v1.1-stable-pair-keys
E0112,3,train,ham,False,False,3,0,T0876,Convey my regards to him,T0876|T1093|T3918,scripts/audit_duplicates.py,duplicate-audit-v1.1-stable-pair-keys
E0113,3,train,ham,False,False,3,0,T0880,Wat makes some people dearer is not just de happiness dat u feel when u meet them but de pain u feel when u miss dem!!!,T0880|T1468|T2524,scripts/audit_duplicates.py,duplicate-audit-v1.1-stable-pair-keys
E0114,2,train,spam,False,False,2,0,T0884,You are awarded a SiPix Digital Camera! call 09061221061 from landline. Delivery within 28days. T Cs Box177. M221BP. 2yr warranty. 150ppm. 16 . p p£3.99,T0884|T4421,scripts/audit_duplicates.py,duplicate-audit-v1.1-stable-pair-keys
E0115,2,train,ham,False,False,2,0,T0889,Now only i reached home. . . I am very tired now. . I will come tomorro,T0889|T3408,scripts/audit_duplicates.py,duplicate-audit-v1.1-stable-pair-keys
E0116,3,train,ham,False,False,3,0,T0909,Ok.ok ok..then..whats ur todays plan,T0909|T2987|T4311,scripts/audit_duplicates.py,duplicate-audit-v1.1-stable-pair-keys
E0117,2,heldout,ham,False,False,0,2,H0216,Good morning princess! How are you?,H0216|H0219,scripts/audit_duplicates.py,duplicate-audit-v1.1-stable-pair-keys
E0118,3,train,spam,False,False,3,0,T0924,I don't know u and u don't know me. Send CHAT to 86688 now and let's find each other! Only 150p/Msg rcvd. HG/Suite342/2Lands/Row/W1J6HL LDN. 18 years or over.,T0924|T1936|T2206,scripts/audit_duplicates.py,duplicate-audit-v1.1-stable-pair-keys
E0119,3,train,ham,False,False,3,0,T0941,K. I will sent it again,T0941|T4391|T4393,scripts/audit_duplicates.py,duplicate-audit-v1.1-stable-pair-keys
E0120,2,heldout,ham,False,False,0,2,H0224,I am not having her number sir,H0224|H0849,scripts/audit_duplicates.py,duplicate-audit-v1.1-stable-pair-keys
E0121,2,heldout,ham,False,False,0,2,H0225,Ok . . now i am in bus. . If i come soon i will come otherwise tomorrow,H0225|H0458,scripts/audit_duplicates.py,duplicate-audit-v1.1-stable-pair-keys
E0122,2,train,spam,False,False,2,0,T0948,"Got what it takes 2 take part in the WRC Rally in Oz? U can with Lucozade Energy! Text RALLY LE to 61200 (25p), see packs or lucozade.co.uk/wrc & itcould be u!",T0948|T3947,scripts/audit_duplicates.py,duplicate-audit-v1.1-stable-pair-keys
E0123,2,train,ham,False,False,2,0,T0970,NEFT Transaction with reference number  &lt;#&gt;  for Rs. &lt;DECIMAL&gt;  has been credited to the beneficiary account on  &lt;#&gt;  at  &lt;TIME&gt; : &lt;#&gt;,T0970|T2381,scripts/audit_duplicates.py,duplicate-audit-v1.1-stable-pair-keys
E0124,3,heldout,ham,False,False,0,3,H0232,Otherwise had part time job na-tuition..,H0232|H0769|H1089,scripts/audit_duplicates.py,duplicate-audit-v1.1-stable-pair-keys
E0125,2,train,spam,False,False,2,0,T0974,WIN a year supply of CDs 4 a store of ur choice worth £500 & enter our £100 Weekly draw txt MUSIC to 87066 Ts&Cs www.Ldew.com.subs16+1win150ppmx3,T0974|T1846,scripts/audit_duplicates.py,duplicate-audit-v1.1-stable-pair-keys
E0126,2,train,ham,False,False,2,0,T0981,Ok then i will come to ur home after half an hour,T0981|T3301,scripts/audit_duplicates.py,duplicate-audit-v1.1-stable-pair-keys
E0127,2,train,spam,False,False,2,0,T0986,You have 1 new voicemail. Please call 08719181513.,T0986|T2631,scripts/audit_duplicates.py,duplicate-audit-v1.1-stable-pair-keys
E0128,2,train,ham,False,False,2,0,T0988,K..k..i'm also fine:)when will you complete the course?,T0988|T2060,scripts/audit_duplicates.py,duplicate-audit-v1.1-stable-pair-keys
E0129,2,train,spam,False,False,2,0,T0990,No. 1 Nokia Tone 4 ur mob every week! Just txt NOK to 87021. 1st Tone FREE ! so get txtin now and tell ur friends. 150p/tone. 16 reply HL 4info,T0990|T1112,scripts/audit_duplicates.py,duplicate-audit-v1.1-stable-pair-keys
E0130,2,train,ham,False,False,2,0,T1020,"We have sent JD for Customer Service cum Accounts Executive to ur mail id, For details contact us",T1020|T4039,scripts/audit_duplicates.py,duplicate-audit-v1.1-stable-pair-keys
E0131,2,train,ham,False,False,2,0,T1025,I will see in half an hour,T1025|T2415,scripts/audit_duplicates.py,duplicate-audit-v1.1-stable-pair-keys
E0132,10,train,ham,False,False,10,0,T1032,Ok...,T1032|T1065|T1146|T1192|T1364|T1858|T2017|T2137|T2539|T3892,scripts/audit_duplicates.py,duplicate-audit-v1.1-stable-pair-keys
E0133,3,train,ham,False,False,3,0,T1037,Oh ho. Is this the first time u use these type of words,T1037|T2666|T3719,scripts/audit_duplicates.py,duplicate-audit-v1.1-stable-pair-keys
E0134,2,train,ham,False,False,2,0,T1038,"Ever green quote ever told by Jerry in cartoon ""A Person Who Irritates u Always Is the one Who Loves u Vry Much But Fails to Express It...!..!! :-) :-) gud nyt",T1038|T3329,scripts/audit_duplicates.py,duplicate-audit-v1.1-stable-pair-keys
E0135,3,train,ham,False,False,3,0,T1041,"Night has ended for another day, morning has come in a special way. May you smile like the sunny rays and leaves your worries at the blue blue bay. Gud mrng",T1041|T2807|T3496,scripts/audit_duplicates.py,duplicate-audit-v1.1-stable-pair-keys
E0136,3,train,ham,False,False,3,0,T1076,Good Morning plz call me sir,T1076|T1519|T1787,scripts/audit_duplicates.py,duplicate-audit-v1.1-stable-pair-keys
E0137,2,train,spam,False,False,2,0,T1089,"FREE2DAY sexy St George's Day pic of Jordan!Txt PIC to 89080 dont miss out, then every wk a saucy celeb!4 more pics c PocketBabe.co.uk 0870241182716 £3/wk",T1089|T1693,scripts/audit_duplicates.py,duplicate-audit-v1.1-stable-pair-keys
E0138,2,heldout,spam,False,False,0,2,H0266,"HOT LIVE FANTASIES call now 08707509020 Just 20p per min NTT Ltd, PO Box 1327 Croydon CR9 5WB 0870..k",H0266|H0620,scripts/audit_duplicates.py,duplicate-audit-v1.1-stable-pair-keys
E0139,3,train,ham,False,False,3,0,T1107,"1) Go to write msg 2) Put on Dictionary mode 3)Cover the screen with hand, 4)Press  &lt;#&gt; . 5)Gently remove Ur hand.. Its interesting..:)",T1107|T1731|T1876,scripts/audit_duplicates.py,duplicate-audit-v1.1-stable-pair-keys
E0140,2,heldout,spam,False,False,0,2,H0268,Double Mins & Double Txt & 1/2 price Linerental on Latest Orange Bluetooth mobiles. Call MobileUpd8 for the very latest offers. 08000839402 or call2optout/LF56,H0268|H1010,scripts/audit_duplicates.py,duplicate-audit-v1.1-stable-pair-keys
E0141,2,train,ham,False,False,2,0,T1113,i dnt wnt to tlk wid u,T1113|T1992,scripts/audit_duplicates.py,duplicate-audit-v1.1-stable-pair-keys
E0142,3,heldout,ham,False,False,0,3,H0270,"Storming msg: Wen u lift d phne, u say ""HELLO"" Do u knw wt is d real meaning of HELLO?? . . . It's d name of a girl..! . . . Yes.. And u knw who is dat girl?? ""Margaret Hello"" She is d girlfrnd f Grahmbell who invnted telphone... . . . . Moral:One can 4get d name of a person, bt not his girlfrnd... G o o d n i g h t . . .@",H0270|H0881|H1054,scripts/audit_duplicates.py,duplicate-audit-v1.1-stable-pair-keys
E0143,2,train,ham,False,False,2,0,T1126,You have registered Sinco as Payee. Log in at icicibank.com and enter URN  &lt;#&gt;  to confirm. Beware of frauds. Do NOT share or disclose URN to anyone.,T1126|T1128,scripts/audit_duplicates.py,duplicate-audit-v1.1-stable-pair-keys
E0144,2,train,ham,False,False,2,0,T1135,somewhere out there beneath the pale moon light someone think in of u some where out there where dreams come true... goodnite &amp; sweet dreams,T1135|T3222,scripts/audit_duplicates.py,duplicate-audit-v1.1-stable-pair-keys
E0145,3,train,ham,False,False,3,0,T1169,Stupid.its not possible,T1169|T2965|T3615,scripts/audit_duplicates.py,duplicate-audit-v1.1-stable-pair-keys
E0146,4,train,ham,False,False,4,0,T1181,"7 wonders in My WORLD 7th You 6th Ur style 5th Ur smile 4th Ur Personality 3rd Ur Nature 2nd Ur SMS and 1st ""Ur Lovely Friendship""... good morning dear",T1181|T1428|T2394|T3653,scripts/audit_duplicates.py,duplicate-audit-v1.1-stable-pair-keys
E0147,2,train,ham,False,False,2,0,T1185,"Friendship is not a game to play, It is not a word to say, It doesn\'t start on March and ends on May, It is tomorrow, yesterday, today and e",T1185|T3208,scripts/audit_duplicates.py,duplicate-audit-v1.1-stable-pair-keys
E0148,2,train,ham,False,False,2,0,T1193,Purity of friendship between two is not about smiling after reading the forwarded message..Its about smiling just by seeing the name. Gud evng musthu,T1193|T2254,scripts/audit_duplicates.py,duplicate-audit-v1.1-stable-pair-keys
E0149,2,train,spam,False,False,2,0,T1209,"HOT LIVE FANTASIES call now 08707509020 Just 20p per min NTT Ltd, PO Box 1327 Croydon CR9 5WB 0870 is a national rate call",T1209|T2403,scripts/audit_duplicates.py,duplicate-audit-v1.1-stable-pair-keys
E0150,2,train,ham,False,False,2,0,T1210,Don no da:)whats you plan?,T1210|T3766,scripts/audit_duplicates.py,duplicate-audit-v1.1-stable-pair-keys
E0151,3,train,spam,False,False,3,0,T1238,You have won a Nokia 7250i. This is what you get when you win our FREE auction. To take part send Nokia to 86021 now. HG/Suite342/2Lands Row/W1JHL 16+,T1238|T1848|T2960,scripts/audit_duplicates.py,duplicate-audit-v1.1-stable-pair-keys
E0152,2,train,ham,False,False,2,0,T1244,Do u konw waht is rael FRIENDSHIP Im gving yuo an exmpel: Jsut ese tihs msg.. Evrey splleing of tihs msg is wrnog.. Bt sitll yuo can raed it wihtuot ayn mitsake.. GOODNIGHT &amp; HAVE A NICE SLEEP..SWEET DREAMS..,T1244|T4299,scripts/audit_duplicates.py,duplicate-audit-v1.1-stable-pair-keys
E0153,2,train,ham,False,False,2,0,T1253,He says hi and to get your ass back to south tampa (preferably at a kegger),T1253|T2309,scripts/audit_duplicates.py,duplicate-audit-v1.1-stable-pair-keys
E0154,2,train,ham,False,False,2,0,T1259,Wat r u doing?,T1259|T3053,scripts/audit_duplicates.py,duplicate-audit-v1.1-stable-pair-keys
E0155,2,train,ham,False,False,2,0,T1260,"Single line with a big meaning::::: ""Miss anything 4 ur ""Best Life"" but, don't miss ur best life for anything... Gud nyt...",T1260|T2863,scripts/audit_duplicates.py,duplicate-audit-v1.1-stable-pair-keys
E0156,3,train,ham,False,False,3,0,T1263,I am late. I will be there at,T1263|T3427|T4180,scripts/audit_duplicates.py,duplicate-audit-v1.1-stable-pair-keys
E0157,2,train,ham,False,False,2,0,T1267,No:-)i got rumour that you going to buy apartment in chennai:-),T1267|T2815,scripts/audit_duplicates.py,duplicate-audit-v1.1-stable-pair-keys
E0158,2,train,ham,False,False,2,0,T1279,"Dont search love, let love find U. Thats why its called falling in love, bcoz U dont force yourself, U just fall and U know there is smeone to hold U... BSLVYL",T1279|T1434,scripts/audit_duplicates.py,duplicate-audit-v1.1-stable-pair-keys
E0159,2,train,ham,False,False,2,0,T1286,Never blame a day in ur life. Good days give u happiness. Bad days give u experience. Both are essential in life! All are Gods blessings! good morning.:,T1286|T3637,scripts/audit_duplicates.py,duplicate-audit-v1.1-stable-pair-keys
E0160,2,heldout,spam,False,False,0,2,H0311,URGENT! Your Mobile number has been awarded with a £2000 prize GUARANTEED. Call 09061790121 from land line. Claim 3030. Valid 12hrs only 150ppm,H0311|H0945,scripts/audit_duplicates.py,duplicate-audit-v1.1-stable-pair-keys
E0161,2,train,ham,False,False,2,0,T1293,"God picked up a flower and dippeditinaDEW, lovingly touched itwhichturnedinto u, and the he gifted tomeandsaid,THIS FRIEND IS 4U",T1293|T3276,scripts/audit_duplicates.py,duplicate-audit-v1.1-stable-pair-keys
E0162,2,heldout,spam,False,False,0,2,H0316,U have a secret admirer who is looking 2 make contact with U-find out who they R*reveal who thinks UR so special-call on 09058094599,H0316|H0804,scripts/audit_duplicates.py,duplicate-audit-v1.1-stable-pair-keys
E0163,2,train,ham,False,False,2,0,T1311,Hi Dear Call me its urgnt. I don't know whats your problem. You don't want to work or if you have any other problem at least tell me. Wating for your reply.,T1311|T3941,scripts/audit_duplicates.py,duplicate-audit-v1.1-stable-pair-keys
E0164,2,heldout|train,spam,False,True,1,1,T1319,"Eerie Nokia tones 4u, rply TONE TITLE to 8007 eg TONE DRACULA to 8007 Titles: GHOST, ADDAMSFA, MUNSTERS, EXORCIST, TWILIGHT www.getzed.co.uk POBox36504W45WQ 150p",T1319|H0412,scripts/audit_duplicates.py,duplicate-audit-v1.1-stable-pair-keys
E0165,2,train,ham,False,False,2,0,T1330,I dont have any of your file in my bag..i was in work when you called me.i 'll tell you if i find anything in my room.,T1330|T2788,scripts/audit_duplicates.py,duplicate-audit-v1.1-stable-pair-keys
E0166,2,train,ham,False,False,2,0,T1349,"So many people seems to be special at first sight, But only very few will remain special to you till your last sight.. Maintain them till life ends.. Sh!jas",T1349|T3828,scripts/audit_duplicates.py,duplicate-audit-v1.1-stable-pair-keys
E0167,2,train,spam,False,False,2,0,T1356,Free Top ringtone -sub to weekly ringtone-get 1st week free-send SUBPOLY to 81618-?3 per week-stop sms-08718727870,T1356|T2986,scripts/audit_duplicates.py,duplicate-audit-v1.1-stable-pair-keys
E0168,2,train,ham,False,False,2,0,T1359,Was gr8 to see that message. So when r u leaving? Congrats dear. What school and wat r ur plans.,T1359|T3038,scripts/audit_duplicates.py,duplicate-audit-v1.1-stable-pair-keys
E0169,2,train,spam,False,False,2,0,T1376,Hard LIVE 121 chat just 60p/min. Choose your girl and connect LIVE. Call 09094646899 now! Cheap Chat UK's biggest live service. VU BCM1896WC1N3XX,T1376|T2537,scripts/audit_duplicates.py,duplicate-audit-v1.1-stable-pair-keys
E0170,2,train,ham,False,False,2,0,T1386,I went to project centre,T1386|T4409,scripts/audit_duplicates.py,duplicate-audit-v1.1-stable-pair-keys
E0171,2,heldout,ham,False,False,0,2,H0344,As per your request 'Maangalyam (Alaipayuthe)' has been set as your callertune for all Callers. Press *9 to copy your friends Callertune,H0344|H0706,scripts/audit_duplicates.py,duplicate-audit-v1.1-stable-pair-keys
E0172,2,heldout,ham,False,False,0,2,H0346,I will come tomorrow di,H0346|H0822,scripts/audit_duplicates.py,duplicate-audit-v1.1-stable-pair-keys
E0173,2,train,spam,False,False,2,0,T1394,UR GOING 2 BAHAMAS! CallFREEFONE 08081560665 and speak to a live operator to claim either Bahamas cruise of£2000 CASH 18+only. To opt out txt X to 07786200117,T1394|T2557,scripts/audit_duplicates.py,duplicate-audit-v1.1-stable-pair-keys
E0174,2,train,ham,False,False,2,0,T1414,Joy's father is John. Then John is the NAME of Joy's father. Mandan,T1414|T2025,scripts/audit_duplicates.py,duplicate-audit-v1.1-stable-pair-keys
E0175,2,train,spam,False,False,2,0,T1415,Hi 07734396839 IBH Customer Loyalty Offer: The NEW NOKIA6600 Mobile from ONLY £10 at TXTAUCTION!Txt word:START to No:81151 & get Yours Now!4T&,T1415|T2892,scripts/audit_duplicates.py,duplicate-audit-v1.1-stable-pair-keys
E0176,2,train,ham,False,False,2,0,T1422,Watching tv now. I got new job :),T1422|T1507,scripts/audit_duplicates.py,duplicate-audit-v1.1-stable-pair-keys
E0177,2,train,spam,False,False,2,0,T1427,Buy Space Invaders 4 a chance 2 win orig Arcade Game console. Press 0 for Games Arcade (std WAP charge) See o2.co.uk/games 4 Terms + settings. No purchase,T1427|T3796,scripts/audit_duplicates.py,duplicate-audit-v1.1-stable-pair-keys
E0178,3,train,ham,False,False,3,0,T1432,My uncles in Atlanta. Wish you guys a great semester.,T1432|T2516|T3783,scripts/audit_duplicates.py,duplicate-audit-v1.1-stable-pair-keys
E0179,3,train,ham,False,False,3,0,T1436,"Do you know why god created gap between your fingers..? So that, One who is made for you comes &amp; fills those gaps by holding your hand with LOVE..!",T1436|T2305|T3523,scripts/audit_duplicates.py,duplicate-audit-v1.1-stable-pair-keys
E0180,2,train,ham,False,False,2,0,T1437,Arun can u transfr me d amt,T1437|T4365,scripts/audit_duplicates.py,duplicate-audit-v1.1-stable-pair-keys
E0181,2,train,spam,False,False,2,0,T1441,"WIN: We have a winner! Mr. T. Foley won an iPod! More exciting prizes soon, so keep an eye on ur mobile or visit www.win-82050.co.uk",T1441|T3768,scripts/audit_duplicates.py,duplicate-audit-v1.1-stable-pair-keys
E0182,2,heldout,ham,False,False,0,2,H0359,Sent me ur email id soon,H0359|H1061,scripts/audit_duplicates.py,duplicate-audit-v1.1-stable-pair-keys
E0183,4,train,ham,False,False,4,0,T1493,"Say this slowly.? GOD,I LOVE YOU &amp; I NEED YOU,CLEAN MY HEART WITH YOUR BLOOD.Send this to Ten special people &amp; u c miracle tomorrow, do it,pls,pls do it...",T1493|T2031|T2223|T2266,scripts/audit_duplicates.py,duplicate-audit-v1.1-stable-pair-keys
E0184,3,train,ham,False,False,3,0,T1510,"Sorry, I can't help you on this.",T1510|T2614|T3498,scripts/audit_duplicates.py,duplicate-audit-v1.1-stable-pair-keys
E0185,2,train,spam,False,False,2,0,T1513,Dear 0776xxxxxxx U've been invited to XCHAT. This is our final attempt to contact u! Txt CHAT to 86688 150p/MsgrcvdHG/Suite342/2Lands/Row/W1J6HL LDN 18yrs ,T1513|T4019,scripts/audit_duplicates.py,duplicate-audit-v1.1-stable-pair-keys
E0186,2,heldout,spam,False,False,0,2,H0378,Free entry in 2 a weekly comp for a chance to win an ipod. Txt POD to 80182 to get entry (std txt rate) T&C's apply 08452810073 for details 18+,H0378|H0610,scripts/audit_duplicates.py,duplicate-audit-v1.1-stable-pair-keys
E0187,4,train,ham,False,False,4,0,T1545,Ok,T1545|T2453|T3609|T4284,scripts/audit_duplicates.py,duplicate-audit-v1.1-stable-pair-keys
E0188,2,train,ham,False,False,2,0,T1553,Hope you are having a great day.,T1553|T3734,scripts/audit_duplicates.py,duplicate-audit-v1.1-stable-pair-keys
E0189,2,train,spam,False,False,2,0,T1558,"WELL DONE! Your 4* Costa Del Sol Holiday or £5000 await collection. Call 09050090044 Now toClaim. SAE, TCs, POBox334, Stockport, SK38xh, Cost£1.50/pm, Max10mins",T1558|T3462,scripts/audit_duplicates.py,duplicate-audit-v1.1-stable-pair-keys
E0190,2,train,ham,False,False,2,0,T1559,K...k:)why cant you come here and search job:),T1559|T1568,scripts/audit_duplicates.py,duplicate-audit-v1.1-stable-pair-keys
E0191,3,train,ham,False,False,3,0,T1570,Howz that persons story,T1570|T2282|T2566,scripts/audit_duplicates.py,duplicate-audit-v1.1-stable-pair-keys
E0192,3,train,ham,False,False,3,0,T1575,"Honeybee Said: *I'm d Sweetest in d World* God Laughed &amp; Said: *Wait,U Havnt Met d Person Reading This Msg* MORAL: Even GOD Can Crack Jokes! GM+GN+GE+GN:)",T1575|T2656|T3661,scripts/audit_duplicates.py,duplicate-audit-v1.1-stable-pair-keys
E0193,2,train,ham,False,False,2,0,T1612,"Beautiful Truth against Gravity.. Read carefully: ""Our heart feels light when someone is in it.. But it feels very heavy when someone leaves it.."" GOODMORNING",T1612|T2747,scripts/audit_duplicates.py,duplicate-audit-v1.1-stable-pair-keys
E0194,2,heldout,spam,False,False,0,2,H0403,Great News! Call FREEFONE 08006344447 to claim your guaranteed £1000 CASH or £2000 gift. Speak to a live operator NOW!,H0403|H0987,scripts/audit_duplicates.py,duplicate-audit-v1.1-stable-pair-keys
E0195,2,train,ham,False,False,2,0,T1661,Good night my dear.. Sleepwell&amp;Take care,T1661|T2744,scripts/audit_duplicates.py,duplicate-audit-v1.1-stable-pair-keys
E0196,2,train,spam,False,False,2,0,T1675,Well done ENGLAND! Get the official poly ringtone or colour flag on yer mobile! text TONE or FLAG to 84199 NOW! Opt-out txt ENG STOP. Box39822 W111WX £1.50,T1675|T3680,scripts/audit_duplicates.py,duplicate-audit-v1.1-stable-pair-keys
E0197,2,train,spam,False,False,2,0,T1680,"Final Chance! Claim ur £150 worth of discount vouchers today! Text YES to 85023 now! SavaMob, member offers mobile! T Cs SavaMob POBOX84, M263UZ. £3.00 Subs 16",T1680|T1988,scripts/audit_duplicates.py,duplicate-audit-v1.1-stable-pair-keys
E0198,2,train,spam,False,False,2,0,T1697,"Sunshine Hols. To claim ur med holiday send a stamped self address envelope to Drinks on Us UK, PO Box 113, Bray, Wicklow, Eire. Quiz Starts Saturday! Unsub Stop",T1697|T1718,scripts/audit_duplicates.py,duplicate-audit-v1.1-stable-pair-keys
E0199,2,heldout,spam,False,False,0,2,H0422,"U can WIN £100 of Music Gift Vouchers every week starting NOW Txt the word DRAW to 87066 TsCs www.Idew.com SkillGame, 1Winaweek, age16. 150ppermessSubscription",H0422|H0829,scripts/audit_duplicates.py,duplicate-audit-v1.1-stable-pair-keys
E0200,3,heldout,ham,False,False,0,3,H0423,Tessy..pls do me a favor. Pls convey my birthday wishes to Nimya..pls dnt forget it. Today is her birthday Shijas,H0423|H0605|H0933,scripts/audit_duplicates.py,duplicate-audit-v1.1-stable-pair-keys
E0201,2,train,ham,False,False,2,0,T1728,"Sad story of a Man - Last week was my b'day. My Wife did'nt wish me. My Parents forgot n so did my Kids . I went to work. Even my Colleagues did not wish. As I entered my cabin my PA said, '' Happy B'day Boss !!''. I felt special. She askd me 4 lunch. After lunch she invited me to her apartment. We went there. She said,'' do u mind if I go into the bedroom for a minute ? '' ''OK'', I sed in a sexy mood. She came out 5 minuts latr wid a cake...n My Wife, My Parents, My Kidz, My Friends n My Colleagues. All screaming.. SURPRISE !! and I was waiting on the sofa.. ... ..... ' NAKED...!",T1728|T2297,scripts/audit_duplicates.py,duplicate-audit-v1.1-stable-pair-keys
E0202,4,train,ham,False,False,4,0,T1747,Ok.,T1747|T2818|T3086|T3231,scripts/audit_duplicates.py,duplicate-audit-v1.1-stable-pair-keys
E0203,2,train,ham,False,False,2,0,T1751,Purity of friendship between two is not about smiling after reading the forwarded message..Its about smiling just by seeing the name. Gud evng,T1751|T3510,scripts/audit_duplicates.py,duplicate-audit-v1.1-stable-pair-keys
E0204,2,heldout,ham,False,False,0,2,H0439,"A boy was late 2 home. His father: ""POWER OF FRNDSHIP""",H0439|H0990,scripts/audit_duplicates.py,duplicate-audit-v1.1-stable-pair-keys
E0205,3,train,ham,False,False,3,0,T1767,Raji..pls do me a favour. Pls convey my Birthday wishes to Nimya. Pls. Today is her birthday.,T1767|T2440|T4143,scripts/audit_duplicates.py,duplicate-audit-v1.1-stable-pair-keys
E0206,2,heldout,spam,False,False,0,2,H0440,"URGENT!! Your 4* Costa Del Sol Holiday or £5000 await collection. Call 09050090044 Now toClaim. SAE, TC s, POBox334, Stockport, SK38xh, Cost£1.50/pm, Max10mins",H0440|H0815,scripts/audit_duplicates.py,duplicate-audit-v1.1-stable-pair-keys
E0207,3,heldout,ham,False,False,0,3,H0455,Sad story of a Man - Last week was my b'day. My Wife did'nt wish me. My Parents forgot n so did my Kids . I went to work. Even my Colleagues did not wish.,H0455|H0834|H0871,scripts/audit_duplicates.py,duplicate-audit-v1.1-stable-pair-keys
E0208,2,heldout,spam,False,False,0,2,H0457,Not heard from U4 a while. Call 4 rude chat private line 01223585334 to cum. Wan 2C pics of me gettin shagged then text PIX to 8552. 2End send STOP 8552 SAM xxx,H0457|H0618,scripts/audit_duplicates.py,duplicate-audit-v1.1-stable-pair-keys
E0209,2,train,ham,False,False,2,0,T1821,"Sorry, I'll call later in meeting",T1821|T3367,scripts/audit_duplicates.py,duplicate-audit-v1.1-stable-pair-keys
E0210,2,train,ham,False,False,2,0,T1843,Friendship poem: Dear O Dear U R Not Near But I Can Hear Dont Get Fear Live With Cheer No More Tear U R Always my Dear. Gud ni8,T1843|T2791,scripts/audit_duplicates.py,duplicate-audit-v1.1-stable-pair-keys
E0211,2,train,ham,False,False,2,0,T1860,Ok lor.,T1860|T4376,scripts/audit_duplicates.py,duplicate-audit-v1.1-stable-pair-keys
E0212,2,heldout,ham,False,False,0,2,H0468,Tell your friends what you plan to do on Valentines day @ &lt;URL&gt;,H0468|H0546,scripts/audit_duplicates.py,duplicate-audit-v1.1-stable-pair-keys
E0213,2,train,spam,False,False,2,0,T1891,"Spook up your mob with a Halloween collection of a logo & pic message plus a free eerie tone, txt CARD SPOOK to 8007 zed 08701417012150p per logo/pic",T1891|T4162,scripts/audit_duplicates.py,duplicate-audit-v1.1-stable-pair-keys
E0214,2,train,spam,False,False,2,0,T1894,"Fantasy Football is back on your TV. Go to Sky Gamestar on Sky Active and play £250k Dream Team. Scoring starts on Saturday, so register now!SKY OPT OUT to 88088",T1894|T3096,scripts/audit_duplicates.py,duplicate-audit-v1.1-stable-pair-keys
E0215,2,train,ham,False,False,2,0,T1897,If you r @ home then come down within 5 min,T1897|T2330,scripts/audit_duplicates.py,duplicate-audit-v1.1-stable-pair-keys
E0216,2,train,ham,False,False,2,0,T1898,"A Boy loved a gal. He propsd bt she didnt mind. He gv lv lttrs, Bt her frnds threw thm. Again d boy decided 2 aproach d gal , dt time a truck was speeding towards d gal. Wn it was about 2 hit d girl,d boy ran like hell n saved her. She asked 'hw cn u run so fast?' D boy replied ""Boost is d secret of my energy"" n instantly d girl shouted ""our energy"" n Thy lived happily 2gthr drinking boost evrydy Moral of d story:- I hv free msgs:D;): gud ni8",T1898|T4082,scripts/audit_duplicates.py,duplicate-audit-v1.1-stable-pair-keys
E0217,2,train,spam,False,False,2,0,T1905,YES! The only place in town to meet exciting adult singles is now in the UK. Txt CHAT to 86688 now! 150p/Msg.,T1905|T3027,scripts/audit_duplicates.py,duplicate-audit-v1.1-stable-pair-keys
E0218,2,heldout,ham,False,False,0,2,H0475,"Hi, Mobile no.  &lt;#&gt;  has added you in their contact list on www.fullonsms.com It s a great place to send free sms to people For more visit fullonsms.com",H0475|H0949,scripts/audit_duplicates.py,duplicate-audit-v1.1-stable-pair-keys
E0219,3,heldout,ham,False,False,0,3,H0477,No message..no responce..what happend?,H0477|H0581|H0701,scripts/audit_duplicates.py,duplicate-audit-v1.1-stable-pair-keys
E0220,2,train,ham,False,False,2,0,T1913,"wiskey Brandy Rum Gin Beer Vodka Scotch Shampain Wine ""KUDI""yarasu dhina vaazhthukkal. ..",T1913|T2780,scripts/audit_duplicates.py,duplicate-audit-v1.1-stable-pair-keys
E0221,2,train,ham,False,False,2,0,T1919,I don't run away frm u... I walk slowly &amp; it kills me that u don't care enough to stop me...,T1919|T2709,scripts/audit_duplicates.py,duplicate-audit-v1.1-stable-pair-keys
E0222,3,train,ham,False,False,3,0,T1932,"Solve d Case : A Man Was Found Murdered On  &lt;DECIMAL&gt; . &lt;#&gt;  AfterNoon. 1,His wife called Police. 2,Police questioned everyone. 3,Wife: Sir,I was sleeping, when the murder took place. 4.Cook: I was cooking. 5.Gardener: I was picking vegetables. 6.House-Maid: I went 2 d post office. 7.Children: We went 2 play. 8.Neighbour: We went 2 a marriage. Police arrested d murderer Immediately. Who's It? Reply With Reason, If U r Brilliant.",T1932|T2154|T2638,scripts/audit_duplicates.py,duplicate-audit-v1.1-stable-pair-keys
E0223,2,train,ham,False,False,2,0,T1984,Is there coming friday is leave for pongal?do you get any news from your work place.,T1984|T4029,scripts/audit_duplicates.py,duplicate-audit-v1.1-stable-pair-keys
E0224,3,train,ham,False,False,3,0,T2000,I dont thnk its a wrong calling between us,T2000|T2222|T3322,scripts/audit_duplicates.py,duplicate-audit-v1.1-stable-pair-keys
E0225,2,train,ham,False,False,2,0,T2035,Yup ok...,T2035|T3977,scripts/audit_duplicates.py,duplicate-audit-v1.1-stable-pair-keys
E0226,2,train,ham,False,False,2,0,T2046,Company is very good.environment is terrific and food is really nice:),T2046|T4144,scripts/audit_duplicates.py,duplicate-audit-v1.1-stable-pair-keys
E0227,2,heldout,spam,False,False,0,2,H0508,"Congrats 2 mobile 3G Videophones R yours. call 09063458130 now! videochat wid ur mates, play java games, Dload polypH music, noline rentl. bx420. ip4. 5we. 150p",H0508|H1033,scripts/audit_duplicates.py,duplicate-audit-v1.1-stable-pair-keys
E0228,3,train,ham,False,False,3,0,T2087,"As usual..iam fine, happy &amp; doing well..:)",T2087|T2096|T4209,scripts/audit_duplicates.py,duplicate-audit-v1.1-stable-pair-keys
E0229,4,train,ham,False,False,4,0,T2088,Okie,T2088|T2161|T3132|T4155,scripts/audit_duplicates.py,duplicate-audit-v1.1-stable-pair-keys
E0230,3,train,ham,False,False,3,0,T2106,Ok lor...,T2106|T2190|T2278,scripts/audit_duplicates.py,duplicate-audit-v1.1-stable-pair-keys
E0231,2,train,ham,False,False,2,0,T2140,He remains a bro amongst bros,T2140|T2752,scripts/audit_duplicates.py,duplicate-audit-v1.1-stable-pair-keys
E0232,2,train,ham,False,False,2,0,T2156,I got a call from a landline number. . . I am asked to come to anna nagar . . . I will go in the afternoon,T2156|T3170,scripts/audit_duplicates.py,duplicate-audit-v1.1-stable-pair-keys
E0233,2,train,ham,False,False,2,0,T2174,"Feb  &lt;#&gt;  is ""I LOVE U"" day. Send dis to all ur ""VALUED FRNDS"" evn me. If 3 comes back u'll gt married d person u luv! If u ignore dis u will lose ur luv 4 Evr",T2174|T3063,scripts/audit_duplicates.py,duplicate-audit-v1.1-stable-pair-keys
E0234,2,train,spam,False,False,2,0,T2180,Great NEW Offer - DOUBLE Mins & DOUBLE Txt on best Orange tariffs AND get latest camera phones 4 FREE! Call MobileUpd8 free on 08000839402 NOW! or 2stoptxt T&Cs,T2180|T3199,scripts/audit_duplicates.py,duplicate-audit-v1.1-stable-pair-keys
E0235,3,train,ham,False,False,3,0,T2188,"House-Maid is the murderer, coz the man was murdered on  &lt;#&gt; th January.. As public holiday all govt.instituitions are closed,including post office..understand?",T2188|T2311|T3563,scripts/audit_duplicates.py,duplicate-audit-v1.1-stable-pair-keys
E0236,2,train,ham,False,False,2,0,T2193,No i am not having not any movies in my laptop,T2193|T2974,scripts/audit_duplicates.py,duplicate-audit-v1.1-stable-pair-keys
E0237,2,train,ham,False,False,2,0,T2228,I am on the way to ur home,T2228|T3213,scripts/audit_duplicates.py,duplicate-audit-v1.1-stable-pair-keys
E0238,2,train,spam,False,False,2,0,T2285,"You've won tkts to the EURO2004 CUP FINAL or £800 CASH, to collect CALL 09058099801 b4190604, POBOX 7876150ppm",T2285|T2416,scripts/audit_duplicates.py,duplicate-audit-v1.1-stable-pair-keys
E0239,2,train,ham,False,False,2,0,T2288,Nice.nice.how is it working?,T2288|T2579,scripts/audit_duplicates.py,duplicate-audit-v1.1-stable-pair-keys
E0240,2,heldout,ham,False,False,0,2,H0551,Ok thanx...,H0551|H0660,scripts/audit_duplicates.py,duplicate-audit-v1.1-stable-pair-keys
E0241,2,heldout,ham,False,False,0,2,H0556,"Japanese Proverb: If one Can do it, U too Can do it, If none Can do it,U must do it Indian version: If one Can do it, LET HIM DO it.. If none Can do it,LEAVE it!! And finally Kerala version: If one can do it, Stop him doing it.. If none can do it, Make a strike against it ...",H0556|H0977,scripts/audit_duplicates.py,duplicate-audit-v1.1-stable-pair-keys
E0242,2,train,ham,False,False,2,0,T2336,"Helloooo... Wake up..! ""Sweet"" ""morning"" ""welcomes"" ""You"" ""Enjoy"" ""This Day"" ""with full of joy"".. ""GUD MRNG"".",T2336|T4224,scripts/audit_duplicates.py,duplicate-audit-v1.1-stable-pair-keys
E0243,2,train,spam,False,False,2,0,T2402,No 1 POLYPHONIC tone 4 ur mob every week! Just txt PT2 to 87575. 1st Tone FREE ! so get txtin now and tell ur friends. 150p/tone. 16 reply HL 4info,T2402|T3907,scripts/audit_duplicates.py,duplicate-audit-v1.1-stable-pair-keys
E0244,2,train,ham,False,False,2,0,T2562,"My Parents, My Kidz, My Friends n My Colleagues. All screaming.. SURPRISE !! and I was waiting on the sofa.. ... ..... ' NAKED...!",T2562|T4274,scripts/audit_duplicates.py,duplicate-audit-v1.1-stable-pair-keys
E0245,2,heldout,spam,False,False,0,2,H0624,"This is the 2nd time we have tried 2 contact u. U have won the 750 Pound prize. 2 claim is easy, call 08712101358 NOW! Only 10p per min. BT-national-rate",H0624|H0983,scripts/audit_duplicates.py,duplicate-audit-v1.1-stable-pair-keys
E0246,3,heldout,ham,False,False,0,3,H0627,"She said,'' do u mind if I go into the bedroom for a minute ? '' ''OK'', I sed in a sexy mood. She came out 5 minuts latr wid a cake...n My Wife,",H0627|H0648|H0883,scripts/audit_duplicates.py,duplicate-audit-v1.1-stable-pair-keys
E0247,2,train,ham,False,False,2,0,T2595,"Rose for red,red for blood,blood for heart,heart for u. But u for me.... Send tis to all ur friends.. Including me.. If u like me.. If u get back, 1-u r poor in relation! 2-u need some 1 to support 3-u r frnd 2 many 4-some1 luvs u 5+- some1 is praying god to marry u.:-) try it....",T2595|T4103,scripts/audit_duplicates.py,duplicate-audit-v1.1-stable-pair-keys
E0248,2,train,ham,False,False,2,0,T2694,Still i have not checked it da. . .,T2694|T2816,scripts/audit_duplicates.py,duplicate-audit-v1.1-stable-pair-keys
E0249,2,train,ham,False,False,2,0,T2696,Reverse is cheating. That is not mathematics.,T2696|T3848,scripts/audit_duplicates.py,duplicate-audit-v1.1-stable-pair-keys
E0250,2,train,ham,False,False,2,0,T2719,Tomorrow i am not going to theatre. . . So i can come wherever u call me. . . Tell me where and when to come tomorrow,T2719|T3679,scripts/audit_duplicates.py,duplicate-audit-v1.1-stable-pair-keys
E0251,2,heldout,ham,False,False,0,2,H0664,Joy's father is John. Then John is the ____ of Joy's father. If u ans ths you hav  &lt;#&gt;  IQ. Tis s IAS question try to answer.,H0664|H0698,scripts/audit_duplicates.py,duplicate-audit-v1.1-stable-pair-keys
E0252,3,train,spam,False,False,3,0,T2769,Camera - You are awarded a SiPix Digital Camera! call 09061221066 fromm landline. Delivery within 28 days.,T2769|T3805|T4291,scripts/audit_duplicates.py,duplicate-audit-v1.1-stable-pair-keys
E0253,2,train,spam,False,False,2,0,T2796,Bloomberg -Message center +447797706009 Why wait? Apply for your future http://careers. bloomberg.com,T2796|T3026,scripts/audit_duplicates.py,duplicate-audit-v1.1-stable-pair-keys
E0254,2,train,ham,False,False,2,0,T2805,Heart is empty without love.. Mind is empty without wisdom.. Eyes r empty without dreams &amp; Life is empty without frnds.. So Alwys Be In Touch. Good night &amp; sweet dreams,T2805|T2893,scripts/audit_duplicates.py,duplicate-audit-v1.1-stable-pair-keys
E0255,2,train,spam,False,False,2,0,T2821,"Wan2 win a Meet+Greet with Westlife 4 U or a m8? They are currently on what tour? 1)Unbreakable, 2)Untamed, 3)Unkempt. Text 1,2 or 3 to 83049. Cost 50p +std text",T2821|T3229,scripts/audit_duplicates.py,duplicate-audit-v1.1-stable-pair-keys
E0256,3,train,ham,False,False,3,0,T2852,I'm at home. Please call,T2852|T3006|T3406,scripts/audit_duplicates.py,duplicate-audit-v1.1-stable-pair-keys
E0257,2,train,ham,False,False,2,0,T2870,No da. . Vijay going to talk in jaya tv,T2870|T3014,scripts/audit_duplicates.py,duplicate-audit-v1.1-stable-pair-keys
E0258,2,train,ham,False,False,2,0,T2874,Still chance there. If you search hard you will get it..let have a try :),T2874|T2928,scripts/audit_duplicates.py,duplicate-audit-v1.1-stable-pair-keys
E0259,2,train,spam,False,False,2,0,T2882,You won't believe it but it's true. It's Incredible Txts! Reply G now to learn truly amazing things that will blow your mind. From O2FWD only 18p/txt,T2882|T4033,scripts/audit_duplicates.py,duplicate-audit-v1.1-stable-pair-keys
E0260,2,train,ham,False,False,2,0,T2885,"The sign of maturity is not when we start saying big things.. But actually it is, when we start understanding small things... *HAVE A NICE EVENING* BSLVYL",T2885|T4086,scripts/audit_duplicates.py,duplicate-audit-v1.1-stable-pair-keys
E0261,2,train,ham,False,False,2,0,T2897,I am in escape theatre now. . Going to watch KAVALAN in a few minutes,T2897|T3882,scripts/audit_duplicates.py,duplicate-audit-v1.1-stable-pair-keys
E0262,2,train,spam,False,False,2,0,T2930,Get the official ENGLAND poly ringtone or colour flag on yer mobile for tonights game! Text TONE or FLAG to 84199. Optout txt ENG STOP Box39822 W111WX £1.50,T2930|T4251,scripts/audit_duplicates.py,duplicate-audit-v1.1-stable-pair-keys
E0263,2,heldout,ham,False,False,0,2,H0712,I will reach ur home in  &lt;#&gt;  minutes,H0712|H1039,scripts/audit_duplicates.py,duplicate-audit-v1.1-stable-pair-keys
E0264,2,train,ham,False,False,2,0,T3011,"Plz note: if anyone calling from a mobile Co. &amp; asks u to type # &lt;#&gt;  or # &lt;#&gt; . Do not do so. Disconnect the call,coz it iz an attempt of 'terrorist' to make use of the sim card no. Itz confirmd by nokia n motorola n has been verified by CNN IBN.",T3011|T3398,scripts/audit_duplicates.py,duplicate-audit-v1.1-stable-pair-keys
E0265,2,train,ham,False,False,2,0,T3022,"A bit of Ur smile is my hppnss, a drop of Ur tear is my sorrow, a part of Ur heart is my life, a heart like mine wil care for U, forevr as my GOODFRIEND",T3022|T3976,scripts/audit_duplicates.py,duplicate-audit-v1.1-stable-pair-keys
E0266,2,heldout,spam,False,False,0,2,H0735,"Mila, age23, blonde, new in UK. I look sex with UK guys. if u like fun with me. Text MTALK to 69866.18 . 30pp/txt 1st 5free. £1.50 increments. Help08718728876",H0735|H0912,scripts/audit_duplicates.py,duplicate-audit-v1.1-stable-pair-keys
E0267,2,train,spam,False,False,2,0,T3055,"Want to funk up ur fone with a weekly new tone reply TONES2U 2 this text. www.ringtones.co.uk, the original n best. Tones 3GBP network operator rates apply",T3055|T3379,scripts/audit_duplicates.py,duplicate-audit-v1.1-stable-pair-keys
E0268,2,train,ham,False,False,2,0,T3059,"Short But Cute: ""Be a good person, but dont try to prove it.."" .Gud noon....",T3059|T3121,scripts/audit_duplicates.py,duplicate-audit-v1.1-stable-pair-keys
E0269,2,train,ham,False,False,2,0,T3078,"Please protect yourself from e-threats. SIB never asks for sensitive information like Passwords,ATM/SMS PIN thru email. Never share your password with anybody.",T3078|T3730,scripts/audit_duplicates.py,duplicate-audit-v1.1-stable-pair-keys
E0270,2,heldout,ham,False,False,0,2,H0754,Can you plz tell me the ans. BSLVYL sent via fullonsms.com,H0754|H0763,scripts/audit_duplicates.py,duplicate-audit-v1.1-stable-pair-keys
E0271,2,train,spam,False,False,2,0,T3189,YOU HAVE WON! As a valued Vodafone customer our computer has picked YOU to win a £150 prize. To collect is easy. Just call 09061743386,T3189|T3880,scripts/audit_duplicates.py,duplicate-audit-v1.1-stable-pair-keys
E0272,2,train,spam,False,False,2,0,T3217,Bored housewives! Chat n date now! 0871750.77.11! BT-national rate 10p/min only from landlines!,T3217|T3897,scripts/audit_duplicates.py,duplicate-audit-v1.1-stable-pair-keys
E0273,2,train,spam,False,False,2,0,T3248,YOU ARE CHOSEN TO RECEIVE A £350 AWARD! Pls call claim number 09066364311 to collect your award which you are selected to receive as a valued mobile customer.,T3248|T4193,scripts/audit_duplicates.py,duplicate-audit-v1.1-stable-pair-keys
E0274,2,train,ham,False,False,2,0,T3433,The greatest test of courage on earth is to bear defeat without losing heart....gn tc,T3433|T3524,scripts/audit_duplicates.py,duplicate-audit-v1.1-stable-pair-keys
E0275,2,train,spam,False,False,2,0,T3438,Natalja (25/F) is inviting you to be her friend. Reply YES-440 or NO-440 See her: www.SMS.ac/u/nat27081980 STOP? Send STOP FRND to 62468,T3438|T4178,scripts/audit_duplicates.py,duplicate-audit-v1.1-stable-pair-keys
E0276,2,train,ham,False,False,2,0,T3472,I keep ten rs in my shelf:) buy two egg.,T3472|T4179,scripts/audit_duplicates.py,duplicate-audit-v1.1-stable-pair-keys
E0277,2,train,spam,False,False,2,0,T3480,"Congrats! 2 mobile 3G Videophones R yours. call 09061744553 now! videochat wid ur mates, play java games, Dload polyH music, noline rentl. bx420. ip4. 5we. 150pm",T3480|T3622,scripts/audit_duplicates.py,duplicate-audit-v1.1-stable-pair-keys
E0278,2,train,ham,False,False,2,0,T3490,I want to sent  &lt;#&gt; mesages today. Thats y. Sorry if i hurts,T3490|T4061,scripts/audit_duplicates.py,duplicate-audit-v1.1-stable-pair-keys
E0279,2,train,ham,False,False,2,0,T3512,Me fine..absolutly fine,T3512|T4168,scripts/audit_duplicates.py,duplicate-audit-v1.1-stable-pair-keys
E0280,2,train,spam,False,False,2,0,T3515,"If you don't, your prize will go to another customer. T&C at www.t-c.biz 18+ 150p/min Polo Ltd Suite 373 London W1J 6HL Please call back if busy",T3515|T4216,scripts/audit_duplicates.py,duplicate-audit-v1.1-stable-pair-keys
E0281,2,train,ham,False,False,2,0,T3572,I sent them. Do you like?,T3572|T4149,scripts/audit_duplicates.py,duplicate-audit-v1.1-stable-pair-keys
E0282,2,train,spam,False,False,2,0,T3611,"SMS SERVICES. for your inclusive text credits, pls goto www.comuk.net login= 3qxj9 unsubscribe with STOP, no extra charge. help 08702840625.COMUK. 220-CM2 9AE",T3611|T4400,scripts/audit_duplicates.py,duplicate-audit-v1.1-stable-pair-keys
E0283,2,train,ham,False,False,2,0,T3654,I am in hospital da. . I will return home in evening,T3654|T3803,scripts/audit_duplicates.py,duplicate-audit-v1.1-stable-pair-keys
E0284,2,train,ham,False,False,2,0,T3665,At WHAT TIME should i come tomorrow,T3665|T4241,scripts/audit_duplicates.py,duplicate-audit-v1.1-stable-pair-keys
E0285,2,heldout|train,spam,False,True,1,1,H0922,A £400 XMAS REWARD IS WAITING FOR YOU! Our computer has randomly picked you from our loyal mobile customers to receive a £400 reward. Just call 09066380611 ,H0922|T4292,scripts/audit_duplicates.py,duplicate-audit-v1.1-stable-pair-keys
E0286,2,heldout,ham,False,False,0,2,H0996,Oh k. . I will come tomorrow,H0996|H1035,scripts/audit_duplicates.py,duplicate-audit-v1.1-stable-pair-keys
E0287,2,train,ham,False,False,2,0,T4060,Gud ni8 dear..slp well..take care..swt dreams..Muah..,T4060|T4202,scripts/audit_duplicates.py,duplicate-audit-v1.1-stable-pair-keys
E0288,2,heldout,spam,False,False,0,2,H1030,"YOU VE WON! Your 4* Costa Del Sol Holiday or £5000 await collection. Call 09050090044 Now toClaim. SAE, TC s, POBox334, Stockport, SK38xh, Cost£1.50/pm, Max10mins",H1030|H1038,scripts/audit_duplicates.py,duplicate-audit-v1.1-stable-pair-keys
E0289,2,train,spam,False,False,2,0,T4118,Get your garden ready for summer with a FREE selection of summer bulbs and seeds worth £33:50 only with The Scotsman this Saturday. To stop go2 notxt.co.uk,T4118|T4374,scripts/audit_duplicates.py,duplicate-audit-v1.1-stable-pair-keys
E0290,2,train,ham,False,False,2,0,T4173,"I know you are thinkin malaria. But relax, children cant handle malaria. She would have been worse and its gastroenteritis. If she takes enough to replace her loss her temp will reduce. And if you give her malaria meds now she will just vomit. Its a self limiting illness she has which means in a few days it will completely stop",T4173|T4429,scripts/audit_duplicates.py,duplicate-audit-v1.1-stable-pair-keys
