cluster_id,cluster_size,member_ids,splits,labels,is_cross_split,has_label_conflict,normalized_text
E0001,2,T0003|T0942,train,spam,False,False,free entry in 2 a wkly comp to win fa cup final tkts 21st may 2005. text fa to 87121 to receive entry question(std txt rate)t&c's apply 08452810075over18's
E0002,3,T0008|T0089|T0131,train,ham,False,False,as per your request 'melle melle (oru minnaminunginte nurungu vettam)' has been set as your callertune for all callers. press *9 to copy your friends callertune
E0003,2,T0009|T3446,train,spam,False,False,winner!! as a valued network customer you have been selected to receivea £900 prize reward! to claim call 09061701461. claim code kl341. valid 12 hours only.
E0004,2,T0010|T3348,train,spam,False,False,had your mobile 11 months or more? u r entitled to update to the latest colour mobiles with camera for free! call the mobile update co free on 08002986030
E0005,2,T0012|T2597,train,spam,False,False,"six chances to win cash! from 100 to 20,000 pounds txt> csh11 and send to 87575. cost 150p/day, 6days, 16+ tsandcs apply reply hl 4 info"
E0006,2,T0013|T4227,train,spam,False,False,"urgent! you have won a 1 week free membership in our £100,000 prize jackpot! txt the word: claim to no: 81010 t&c www.dbuk.net lccltd pobox 4403ldnw1a7rw18"
E0007,3,T0039|T0271|T1590,train,ham,False,False,no calls..messages..missed calls
E0008,3,T0049|T0401|T1838,train,spam,False,False,"congrats! 1 year special cinema pass for 2 is yours. call 09061209465 now! c suprman v, matrix3, starwars3, etc all 4 free! bx420-ip4-5we. 150pm. dont miss out!"
E0009,2,H0009|T3705,heldout|train,ham,True,False,"sorry, i'll call later in meeting."
E0010,2,T0054|T4198,train,ham,False,False,its a part of checking iq
E0011,2,T0057|T2741,train,spam,False,False,"as a valued customer, i am pleased to advise you that following recent review of your mob no. you are awarded with a £1500 bonus prize, call 09066364589"
E0012,2,H0010|H0332,heldout,ham,False,False,"today is ""song dedicated day.."" which song will u dedicate for me? send this to all ur valuable frnds but first rply me..."
E0013,2,T0058|T3573,train,spam,False,False,"urgent ur awarded a complimentary trip to eurodisinc trav, aco&entry41 or £1000. to claim txt dis to 87121 18+6*£1.50(morefrmmob. shracomorsglsuplt)10, ls1 3aj"
E0014,30,T0069|T0188|T0283|T0367|T0569|T0623|T0915|T0933|T1194|T1277|T1526|T1586|T1591|T1911|T1965|T2024|T2028|T2029|T2128|T2699|T2714|T2850|T2900|T3321|T3358|T3373|T4158|T4338|T4366|T4448,train,ham,False,False,"sorry, i'll call later"
E0015,3,T0072|T0538|T1883,train,ham,False,False,you will be in the place of that man
E0016,2,T0074|T1011,train,ham,False,False,"i call you later, don't have network. if urgnt, sms me."
E0017,2,H0013|H1042,heldout,ham,False,False,smile in pleasure smile in pain smile when trouble pours like rain smile when sum1 hurts u smile becoz someone still loves to see u smiling!!
E0018,2,H0014|H0918,heldout,spam,False,False,please call our customer service representative on 0800 169 6031 between 10am-9pm as you have won a guaranteed £1000 cash or £5000 prize!
E0019,2,H0015|H0171,heldout,spam,False,False,"your free ringtone is waiting to be collected. simply text the password ""mix"" to 85069 to verify. get usher and britney. fml, po box 5249, mk17 92h. 450ppw 16"
E0020,2,T0098|T0462,train,spam,False,False,gent! we are trying to contact you. last weekends draw shows that you won a £1000 prize guaranteed. call 09064012160. claim code k52. valid 12hrs only. 150ppm
E0021,3,T0099|T0176|T0916,train,ham,False,False,"as i entered my cabin my pa said, '' happy b'day boss !!''. i felt special. she askd me 4 lunch. after lunch she invited me to her apartment. we went there."
E0022,2,T0103|T1681,train,spam,False,False,private! your 2004 account statement for 07742676969 shows 786 unredeemed bonus points. to claim call 08719180248 identifier code: 45239 expires
E0023,2,T0115|T1357,train,spam,False,False,sunshine quiz wkly q! win a top sony dvd player if u know which country the algarve is in? txt ansr to 82277. £1.50 sp:tyrone
E0024,3,T0118|T3282|T4074,train,ham,False,False,no no. i will check all rooms befor activities
E0025,2,T0136|T0994,train,spam,False,False,you are a winner u have been specially selected 2 receive £1000 cash or a 4* holiday (flights inc) speak to a live operator 2 claim 0871277810810
E0026,2,T0145|T1574,train,ham,False,False,yes :)it completely in out of form:)clark also utter waste.
E0027,3,T0155|T2126|T3043,train,ham,False,False,hi! you just spoke to maneesha v. we'd like to know if you were satisfied with the experience. reply toll free with yes or no.
E0028,4,T0161|T0811|T3230|T3252,train,spam,False,False,please call our customer service representative on freephone 0808 145 4742 between 9am-11pm as you have won a guaranteed £1000 cash or £5000 prize!
E0029,2,T0166|T1893,train,ham,False,False,how are you doing? hope you've settled in for the new school year. just wishin you a gr8 day
E0030,3,H0031|H0152|H0727,heldout,ham,False,False,gud mrng dear hav a nice day
E0031,3,T0167|T0535|T3725,train,ham,False,False,did u got that persons story
E0032,2,T0173|T1179,train,ham,False,False,your account has been refilled successfully by inr &lt;decimal&gt; . your keralacircle prepaid account balance is rs &lt;decimal&gt; . your transaction id is kr &lt;#&gt; .
E0033,2,T0185|T0843,train,ham,False,False,easy ah?sen got selected means its good..
E0034,2,H0038|H0732,heldout,ham,False,False,yes:)here tv is always available in work place..
E0035,3,H0040|H0223|H0975,heldout,ham,False,False,"new theory: argument wins d situation, but loses the person. so dont argue with ur friends just.. . . . kick them &amp; say, i'm always correct.!"
E0036,2,T0201|T3494,train,spam,False,False,u 447801259231 have a secret admirer who is looking 2 make contact with u-find out who they r*reveal who thinks ur so special-call on 09058094597
E0037,2,T0209|T0296,train,spam,False,False,congratulations ur awarded 500 of cd vouchers or 125gift guaranteed & free entry 2 100 wkly draw txt music to 87066 tncs www.ldew.com1win150ppmx3age16
E0038,2,T0210|T3585,train,ham,False,False,ranjith cal drpd deeraj and deepak 5min hold
E0039,4,T0211|T1136|T1214|T2184,train,ham,False,False,"wen ur lovable bcums angry wid u, dnt take it seriously.. coz being angry is d most childish n true way of showing deep affection, care n luv!.. kettoda manda... have nice day da."
E0040,2,T0212|T3312,train,ham,False,False,what you doing?how are you?
E0041,2,T0220|T4377,train,ham,False,False,yup
E0042,3,T0230|T1506|T3459,train,spam,False,False,hmv bonus special 500 pounds of genuine hmv vouchers to be won. just answer 4 easy questions. play now! send hmv to 86688 more info:www.100percent-real.com
E0043,3,T0238|T1877|T3415,train,ham,False,False,okie...
E0044,2,H0048|H0931,heldout,ham,False,False,"my life means a lot to me, not because i love my life, but because i love the people in my life, the world calls them friends, i call them my world:-).. ge:-).."
E0045,3,T0247|T0781|T2204,train,ham,False,False,are you this much buzy
E0046,2,T0251|T3463,train,ham,False,False,hurt me... tease me... make me cry... but in the end of my life when i die plz keep one rose on my grave and say stupid i miss u.. have a nice day bslvyl
E0047,12,H0049|H0147|H0252|H0347|H0387|H0459|H0518|H0717|H0791|H0923|H0979|H1079,heldout,ham,False,False,i cant pick the phone right now. pls send a message
E0048,3,T0259|T1265|T3145,train,ham,False,False,today is accept day..u accept me as? brother sister lover dear1 best1 clos1 lvblefrnd jstfrnd cutefrnd lifpartnr belovd swtheart bstfrnd no rply means enemy
E0049,3,T0266|H0548|T4368,heldout|train,spam,True,False,december only! had your mobile 11mths+? you are entitled to update to the latest colour camera mobile for free! call the mobile update co free on 08002986906
E0050,3,T0282|T0628|T4432,train,ham,False,False,just sleeping..and surfing
E0051,2,T0289|T0437,train,ham,False,False,gudnite....tc...practice going on
E0052,2,T0293|T2548,train,ham,False,False,"today is sorry day.! if ever i was angry with you, if ever i misbehaved or hurt you? plz plz just slap urself bcoz, its ur fault, i'm basically good"
E0053,2,T0317|T3378,train,spam,False,False,"double mins and txts 4 6months free bluetooth on orange. available on sony, nokia motorola phones. call mobileupd8 on 08000839402 or call2optout/n9dx"
E0054,2,H0071|H0408,heldout,spam,False,False,4mths half price orange line rental & latest camera phones 4 free. had your phone 11mths ? call mobilesdirect free on 08000938767 to update now! or2stoptxt
E0055,2,T0338|T0922,train,ham,False,False,message:some text missing* sender:name missing* *number missing *sent:date missing *missing u a lot thats y everything is missing sent via fullonsms.com
E0056,2,T0342|T2194,train,ham,False,False,whatsup there. dont u want to sleep
E0057,3,T0352|T2293|T2804,train,ham,False,False,aathi..where are you dear..
E0058,3,T0355|T1588|T4083,train,ham,False,False,i wnt to buy a bmw car urgently..its vry urgent.but hv a shortage of &lt;#&gt; lacs.there is no source to arng dis amt. &lt;#&gt; lacs..thats my prob
E0059,2,T0356|T3354,train,spam,False,False,congrats! nokia 3650 video camera phone is your call 09066382422 calls cost 150ppm ave call 3mins vary from mobiles 16+ close 300603 post bcm4284 ldn wc1n3xx
E0060,2,T0364|T0812,train,ham,False,False,yes..he is really great..bhaji told kallis best cricketer after sachin in world:).very tough to get out.
E0061,3,T0374|T1429|T2420,train,spam,False,False,"loan for any purpose £500 - £75,000. homeowners + tenants welcome. have you been previously refused? we can still help. call free 0800 1956669 or text back 'help'"
E0062,3,H0086|H0460|H0780,heldout,ham,False,False,love you aathi..love u lot..
E0063,2,T0398|T2670,train,spam,False,False,"free message activate your 500 free text messages by replying to this message with the word free for terms & conditions, visit www.07781482378.com"
E0064,2,T0402|T2340,train,ham,False,False,"sorry,in meeting i'll call later"
E0065,3,T0410|T1173|T1379,train,ham,False,False,"fighting with the world is easy, u either win or lose bt fightng with some1 who is close to u is dificult if u lose - u lose if u win - u still lose."
E0066,2,T0413|T1703,train,spam,False,False,+123 congratulations - in this week's competition draw u have won the £1450 prize to claim just call 09050002311 b4280703. t&cs/stop sms 08718727868. over 18 only 150ppm
E0067,4,T0415|T0634|T1000|T4196,train,ham,False,False,your opinion about me? 1. over 2. jada 3. kusruthi 4. lovable 5. silent 6. spl character 7. not matured 8. stylish 9. simple pls reply..
E0068,3,T0416|T1774|T4187,train,ham,False,False,prabha..i'm soryda..realy..frm heart i'm sory
E0069,2,T0426|T1598,train,ham,False,False,shall i come to get pickle
E0070,2,T0431|T0688,train,spam,False,False,"today's offer! claim ur £150 worth of discount vouchers! text yes to 85023 now! savamob, member offers mobile! t cs 08717898035. £3.00 sub. 16 . unsub reply x"
E0071,3,T0436|T2488|T4381,train,ham,False,False,what today-sunday..sunday is holiday..so no work..
E0072,3,T0442|T1012|T3858,train,ham,False,False,ummmmmaah many many happy returns of d day my dear sweet heart.. happy birthday dear
E0073,3,T0483|T2734|T3715,train,ham,False,False,"i'm in a meeting, call me later at"
E0074,2,H0109|H0911,heldout,spam,False,False,"for ur chance to win a £250 wkly shopping spree txt: shop to 80878. t's&c's www.txt-2-shop.com custcare 08715705022, 1x150p/wk"
E0075,2,T0489|T3143,train,spam,False,False,you have an important customer service announcement. call freephone 0800 542 0825 now!
E0076,2,T0515|T3913,train,spam,False,False,todays vodafone numbers ending with 4882 are selected to a receive a £350 award. if your number matches call 09064019014 to receive your £350 award.
E0077,3,H0117|H0395|H0749,heldout,ham,False,False,i had askd u a question some hours before. its answer
E0078,2,T0526|T3802,train,ham,False,False,ya very nice. . .be ready on thursday
E0079,3,T0528|T0780|T3900,train,ham,False,False,"watching cartoon, listening music &amp; at eve had to go temple &amp; church.. what about u?"
E0080,2,T0541|T2061,train,ham,False,False,"under the sea, there lays a rock. in the rock, there is an envelope. in the envelope, there is a paper. on the paper, there are 3 words... '"
E0081,2,T0546|T0669,train,ham,False,False,have a good evening! ttyl
E0082,2,T0575|T2385,train,ham,False,False,"height of confidence: all the aeronautics professors wer calld &amp; they wer askd 2 sit in an aeroplane. aftr they sat they wer told dat the plane ws made by their students. dey all hurried out of d plane.. bt only 1 didnt move... he said:""if it is made by my students,this wont even start........ datz confidence.."
E0083,2,T0579|T0968,train,ham,False,False,he also knows about lunch menu only da. . i know
E0084,3,T0620|T1334|T2443,train,ham,False,False,"wishing you and your family merry ""x"" mas and happy new year in advance.."
E0085,2,H0154|H0872,heldout,ham,False,False,ok i msg u b4 i leave my house.
E0086,2,T0648|T2319,train,spam,False,False,"last chance! claim ur £150 worth of discount vouchers today! text shop to 85023 now! savamob, offers mobile! t cs savamob pobox84, m263uz. £3.00 sub. 16"
E0087,2,T0650|T4113,train,spam,False,False,free for 1st week! no1 nokia tone 4 ur mobile every week just txt nokia to 8077 get txting and tell ur mates. www.getzed.co.uk pobox 36504 w45wq 16+ norm150p/tone
E0088,3,T0671|T4252|T4444,train,ham,False,False,hahaha..use your brain dear
E0089,2,H0159|H0586,heldout,spam,False,False,u have a secret admirer. reveal who thinks u r so special. call 09065174042. to opt out reply reveal stop. 1.50 per msg recd. cust care 07821230901
E0090,2,T0677|T2608,train,ham,False,False,good morning my dear........... have a great &amp; successful day.
E0091,2,T0683|H0909,heldout|train,spam,True,False,"urgent! call 09066350750 from your landline. your complimentary 4* ibiza holiday or 10,000 cash await collection sae t&cs po box 434 sk3 8wp 150 ppm 18+"
E0092,2,H0169|H0435,heldout,spam,False,False,"shop till u drop, is it you, either 10k, 5k, £500 cash or £100 travel voucher, call now, 09064011000. ntt po box cr01327bt fixedline cost 150ppm mobile vary"
E0093,2,H0170|H0515,heldout,spam,False,False,sunshine quiz wkly q! win a top sony dvd player if u know which country liverpool played in mid week? txt ansr to 82277. £1.50 sp:tyrone
E0094,3,T0721|T2280|T2596,train,ham,False,False,wife.how she knew the time of murder exactly
E0095,2,T0728|T3646,train,ham,False,False,hope you are having a good week. just checking in
E0096,2,T0745|T2549,train,ham,False,False,"when people see my msgs, they think iam addicted to msging... they are wrong, bcoz they don\'t know that iam addicted to my sweet friends..!! bslvyl"
E0097,2,T0773|T1704,train,ham,False,False,"beautiful truth against gravity.. read carefully: ""our heart feels light when someone is in it.. but it feels very heavy when someone leaves it.."" good night"
E0098,2,H0183|H0590,heldout,ham,False,False,"love isn't a decision, it's a feeling. if we could decide who to love, then, life would be much simpler, but then less magical"
E0099,2,T0779|T2801,train,spam,False,False,urgent! we are trying to contact u. todays draw shows that you have won a £800 prize guaranteed. call 09050001808 from land line. claim m95. valid12hrs only
E0100,2,H0186|H0541,heldout,ham,False,False,i am not sure about night menu. . . i know only about noon menu
E0101,2,H0189|H0426,heldout,ham,False,False,if he started searching he will get job in few days.he have great potential and talent.
E0102,2,T0804|T1862,train,ham,False,False,the xmas story is peace.. the xmas msg is love.. the xmas miracle is jesus.. hav a blessed month ahead &amp; wish u merry xmas...
E0103,3,H0196|H0733|H0821,heldout,spam,False,False,free for 1st week! no1 nokia tone 4 ur mob every week just txt nokia to 8007 get txting and tell ur mates www.getzed.co.uk pobox 36504 w45wq norm150p/tone 16+
E0104,2,H0198|H0360,heldout,ham,False,False,may i call you later pls
E0105,2,T0840|T4042,train,ham,False,False,"edison has rightly said, ""a fool can ask more questions than a wise man can answer"" now you know why all of us are speechless during viva.. gm,gn,ge,gnt:-)"
E0106,2,T0847|T3151,train,ham,False,False,"do 1 thing! change that sentence into: ""because i want 2 concentrate in my educational career im leaving here.."""
E0107,2,T0850|T2189,train,spam,False,False,18 days to euro2004 kickoff! u will be kept informed of all the latest news and results daily. unsubscribe send get euro stop to 83222.
E0108,3,T0856|T1741|T4308,train,ham,False,False,i'm at work. please call
E0109,2,T0859|T2458,train,spam,False,False,eastenders tv quiz. what flower does dot compare herself to? d= violet e= tulip f= lily txt d e or f to 84025 now 4 chance 2 win £100 cash wkent/150p16+
E0110,2,H0204|H0702,heldout,ham,False,False,meeting u is my work. . . tel me when shall i do my work tomorrow
E0111,2,T0866|T3470,train,spam,False,False,someone u know has asked our dating service 2 contact you! cant guess who? call 09058091854 now all will be revealed. po box385 m6 6wu
E0112,3,T0876|T1093|T3918,train,ham,False,False,convey my regards to him
E0113,3,T0880|T1468|T2524,train,ham,False,False,wat makes some people dearer is not just de happiness dat u feel when u meet them but de pain u feel when u miss dem!!!
E0114,2,T0884|T4421,train,spam,False,False,you are awarded a sipix digital camera! call 09061221061 from landline. delivery within 28days. t cs box177. m221bp. 2yr warranty. 150ppm. 16 . p p£3.99
E0115,2,T0889|T3408,train,ham,False,False,now only i reached home. . . i am very tired now. . i will come tomorro
E0116,3,T0909|T2987|T4311,train,ham,False,False,ok.ok ok..then..whats ur todays plan
E0117,2,H0216|H0219,heldout,ham,False,False,good morning princess! how are you?
E0118,3,T0924|T1936|T2206,train,spam,False,False,i don't know u and u don't know me. send chat to 86688 now and let's find each other! only 150p/msg rcvd. hg/suite342/2lands/row/w1j6hl ldn. 18 years or over.
E0119,3,T0941|T4391|T4393,train,ham,False,False,k. i will sent it again
E0120,2,H0224|H0849,heldout,ham,False,False,i am not having her number sir
E0121,2,H0225|H0458,heldout,ham,False,False,ok . . now i am in bus. . if i come soon i will come otherwise tomorrow
E0122,2,T0948|T3947,train,spam,False,False,"got what it takes 2 take part in the wrc rally in oz? u can with lucozade energy! text rally le to 61200 (25p), see packs or lucozade.co.uk/wrc & itcould be u!"
E0123,2,T0970|T2381,train,ham,False,False,neft transaction with reference number &lt;#&gt; for rs. &lt;decimal&gt; has been credited to the beneficiary account on &lt;#&gt; at &lt;time&gt; : &lt;#&gt;
E0124,3,H0232|H0769|H1089,heldout,ham,False,False,otherwise had part time job na-tuition..
E0125,2,T0974|T1846,train,spam,False,False,win a year supply of cds 4 a store of ur choice worth £500 & enter our £100 weekly draw txt music to 87066 ts&cs www.ldew.com.subs16+1win150ppmx3
E0126,2,T0981|T3301,train,ham,False,False,ok then i will come to ur home after half an hour
E0127,2,T0986|T2631,train,spam,False,False,you have 1 new voicemail. please call 08719181513.
E0128,2,T0988|T2060,train,ham,False,False,k..k..i'm also fine:)when will you complete the course?
E0129,2,T0990|T1112,train,spam,False,False,no. 1 nokia tone 4 ur mob every week! just txt nok to 87021. 1st tone free ! so get txtin now and tell ur friends. 150p/tone. 16 reply hl 4info
E0130,2,T1020|T4039,train,ham,False,False,"we have sent jd for customer service cum accounts executive to ur mail id, for details contact us"
E0131,2,T1025|T2415,train,ham,False,False,i will see in half an hour
E0132,10,T1032|T1065|T1146|T1192|T1364|T1858|T2017|T2137|T2539|T3892,train,ham,False,False,ok...
E0133,3,T1037|T2666|T3719,train,ham,False,False,oh ho. is this the first time u use these type of words
E0134,2,T1038|T3329,train,ham,False,False,"ever green quote ever told by jerry in cartoon ""a person who irritates u always is the one who loves u vry much but fails to express it...!..!! :-) :-) gud nyt"
E0135,3,T1041|T2807|T3496,train,ham,False,False,"night has ended for another day, morning has come in a special way. may you smile like the sunny rays and leaves your worries at the blue blue bay. gud mrng"
E0136,3,T1076|T1519|T1787,train,ham,False,False,good morning plz call me sir
E0137,2,T1089|T1693,train,spam,False,False,"free2day sexy st george's day pic of jordan!txt pic to 89080 dont miss out, then every wk a saucy celeb!4 more pics c pocketbabe.co.uk 0870241182716 £3/wk"
E0138,2,H0266|H0620,heldout,spam,False,False,"hot live fantasies call now 08707509020 just 20p per min ntt ltd, po box 1327 croydon cr9 5wb 0870..k"
E0139,3,T1107|T1731|T1876,train,ham,False,False,"1) go to write msg 2) put on dictionary mode 3)cover the screen with hand, 4)press &lt;#&gt; . 5)gently remove ur hand.. its interesting..:)"
E0140,2,H0268|H1010,heldout,spam,False,False,double mins & double txt & 1/2 price linerental on latest orange bluetooth mobiles. call mobileupd8 for the very latest offers. 08000839402 or call2optout/lf56
E0141,2,T1113|T1992,train,ham,False,False,i dnt wnt to tlk wid u
E0142,3,H0270|H0881|H1054,heldout,ham,False,False,"storming msg: wen u lift d phne, u say ""hello"" do u knw wt is d real meaning of hello?? . . . it's d name of a girl..! . . . yes.. and u knw who is dat girl?? ""margaret hello"" she is d girlfrnd f grahmbell who invnted telphone... . . . . moral:one can 4get d name of a person, bt not his girlfrnd... g o o d n i g h t . . .@"
E0143,2,T1126|T1128,train,ham,False,False,you have registered sinco as payee. log in at icicibank.com and enter urn &lt;#&gt; to confirm. beware of frauds. do not share or disclose urn to anyone.
E0144,2,T1135|T3222,train,ham,False,False,somewhere out there beneath the pale moon light someone think in of u some where out there where dreams come true... goodnite &amp; sweet dreams
E0145,3,T1169|T2965|T3615,train,ham,False,False,stupid.its not possible
E0146,4,T1181|T1428|T2394|T3653,train,ham,False,False,"7 wonders in my world 7th you 6th ur style 5th ur smile 4th ur personality 3rd ur nature 2nd ur sms and 1st ""ur lovely friendship""... good morning dear"
E0147,2,T1185|T3208,train,ham,False,False,"friendship is not a game to play, it is not a word to say, it doesn\'t start on march and ends on may, it is tomorrow, yesterday, today and e"
E0148,2,T1193|T2254,train,ham,False,False,purity of friendship between two is not about smiling after reading the forwarded message..its about smiling just by seeing the name. gud evng musthu
E0149,2,T1209|T2403,train,spam,False,False,"hot live fantasies call now 08707509020 just 20p per min ntt ltd, po box 1327 croydon cr9 5wb 0870 is a national rate call"
E0150,2,T1210|T3766,train,ham,False,False,don no da:)whats you plan?
E0151,3,T1238|T1848|T2960,train,spam,False,False,you have won a nokia 7250i. this is what you get when you win our free auction. to take part send nokia to 86021 now. hg/suite342/2lands row/w1jhl 16+
E0152,2,T1244|T4299,train,ham,False,False,do u konw waht is rael friendship im gving yuo an exmpel: jsut ese tihs msg.. evrey splleing of tihs msg is wrnog.. bt sitll yuo can raed it wihtuot ayn mitsake.. goodnight &amp; have a nice sleep..sweet dreams..
E0153,2,T1253|T2309,train,ham,False,False,he says hi and to get your ass back to south tampa (preferably at a kegger)
E0154,2,T1259|T3053,train,ham,False,False,wat r u doing?
E0155,2,T1260|T2863,train,ham,False,False,"single line with a big meaning::::: ""miss anything 4 ur ""best life"" but, don't miss ur best life for anything... gud nyt..."
E0156,3,T1263|T3427|T4180,train,ham,False,False,i am late. i will be there at
E0157,2,T1267|T2815,train,ham,False,False,no:-)i got rumour that you going to buy apartment in chennai:-)
E0158,2,T1279|T1434,train,ham,False,False,"dont search love, let love find u. thats why its called falling in love, bcoz u dont force yourself, u just fall and u know there is smeone to hold u... bslvyl"
E0159,2,T1286|T3637,train,ham,False,False,never blame a day in ur life. good days give u happiness. bad days give u experience. both are essential in life! all are gods blessings! good morning.:
E0160,2,H0311|H0945,heldout,spam,False,False,urgent! your mobile number has been awarded with a £2000 prize guaranteed. call 09061790121 from land line. claim 3030. valid 12hrs only 150ppm
E0161,2,T1293|T3276,train,ham,False,False,"god picked up a flower and dippeditinadew, lovingly touched itwhichturnedinto u, and the he gifted tomeandsaid,this friend is 4u"
E0162,2,H0316|H0804,heldout,spam,False,False,u have a secret admirer who is looking 2 make contact with u-find out who they r*reveal who thinks ur so special-call on 09058094599
E0163,2,T1311|T3941,train,ham,False,False,hi dear call me its urgnt. i don't know whats your problem. you don't want to work or if you have any other problem at least tell me. wating for your reply.
E0164,2,T1319|H0412,heldout|train,spam,True,False,"eerie nokia tones 4u, rply tone title to 8007 eg tone dracula to 8007 titles: ghost, addamsfa, munsters, exorcist, twilight www.getzed.co.uk pobox36504w45wq 150p"
E0165,2,T1330|T2788,train,ham,False,False,i dont have any of your file in my bag..i was in work when you called me.i 'll tell you if i find anything in my room.
E0166,2,T1349|T3828,train,ham,False,False,"so many people seems to be special at first sight, but only very few will remain special to you till your last sight.. maintain them till life ends.. sh!jas"
E0167,2,T1356|T2986,train,spam,False,False,free top ringtone -sub to weekly ringtone-get 1st week free-send subpoly to 81618-?3 per week-stop sms-08718727870
E0168,2,T1359|T3038,train,ham,False,False,was gr8 to see that message. so when r u leaving? congrats dear. what school and wat r ur plans.
E0169,2,T1376|T2537,train,spam,False,False,hard live 121 chat just 60p/min. choose your girl and connect live. call 09094646899 now! cheap chat uk's biggest live service. vu bcm1896wc1n3xx
E0170,2,T1386|T4409,train,ham,False,False,i went to project centre
E0171,2,H0344|H0706,heldout,ham,False,False,as per your request 'maangalyam (alaipayuthe)' has been set as your callertune for all callers. press *9 to copy your friends callertune
E0172,2,H0346|H0822,heldout,ham,False,False,i will come tomorrow di
E0173,2,T1394|T2557,train,spam,False,False,ur going 2 bahamas! callfreefone 08081560665 and speak to a live operator to claim either bahamas cruise of£2000 cash 18+only. to opt out txt x to 07786200117
E0174,2,T1414|T2025,train,ham,False,False,joy's father is john. then john is the name of joy's father. mandan
E0175,2,T1415|T2892,train,spam,False,False,hi 07734396839 ibh customer loyalty offer: the new nokia6600 mobile from only £10 at txtauction!txt word:start to no:81151 & get yours now!4t&
E0176,2,T1422|T1507,train,ham,False,False,watching tv now. i got new job :)
E0177,2,T1427|T3796,train,spam,False,False,buy space invaders 4 a chance 2 win orig arcade game console. press 0 for games arcade (std wap charge) see o2.co.uk/games 4 terms + settings. no purchase
E0178,3,T1432|T2516|T3783,train,ham,False,False,my uncles in atlanta. wish you guys a great semester.
E0179,3,T1436|T2305|T3523,train,ham,False,False,"do you know why god created gap between your fingers..? so that, one who is made for you comes &amp; fills those gaps by holding your hand with love..!"
E0180,2,T1437|T4365,train,ham,False,False,arun can u transfr me d amt
E0181,2,T1441|T3768,train,spam,False,False,"win: we have a winner! mr. t. foley won an ipod! more exciting prizes soon, so keep an eye on ur mobile or visit www.win-82050.co.uk"
E0182,2,H0359|H1061,heldout,ham,False,False,sent me ur email id soon
E0183,4,T1493|T2031|T2223|T2266,train,ham,False,False,"say this slowly.? god,i love you &amp; i need you,clean my heart with your blood.send this to ten special people &amp; u c miracle tomorrow, do it,pls,pls do it..."
E0184,3,T1510|T2614|T3498,train,ham,False,False,"sorry, i can't help you on this."
E0185,2,T1513|T4019,train,spam,False,False,dear 0776xxxxxxx u've been invited to xchat. this is our final attempt to contact u! txt chat to 86688 150p/msgrcvdhg/suite342/2lands/row/w1j6hl ldn 18yrs
E0186,2,H0378|H0610,heldout,spam,False,False,free entry in 2 a weekly comp for a chance to win an ipod. txt pod to 80182 to get entry (std txt rate) t&c's apply 08452810073 for details 18+
E0187,4,T1545|T2453|T3609|T4284,train,ham,False,False,ok
E0188,2,T1553|T3734,train,ham,False,False,hope you are having a great day.
E0189,2,T1558|T3462,train,spam,False,False,"well done! your 4* costa del sol holiday or £5000 await collection. call 09050090044 now toclaim. sae, tcs, pobox334, stockport, sk38xh, cost£1.50/pm, max10mins"
E0190,2,T1559|T1568,train,ham,False,False,k...k:)why cant you come here and search job:)
E0191,3,T1570|T2282|T2566,train,ham,False,False,howz that persons story
E0192,3,T1575|T2656|T3661,train,ham,False,False,"honeybee said: *i'm d sweetest in d world* god laughed &amp; said: *wait,u havnt met d person reading this msg* moral: even god can crack jokes! gm+gn+ge+gn:)"
E0193,2,T1612|T2747,train,ham,False,False,"beautiful truth against gravity.. read carefully: ""our heart feels light when someone is in it.. but it feels very heavy when someone leaves it.."" goodmorning"
E0194,2,H0403|H0987,heldout,spam,False,False,great news! call freefone 08006344447 to claim your guaranteed £1000 cash or £2000 gift. speak to a live operator now!
E0195,2,T1661|T2744,train,ham,False,False,good night my dear.. sleepwell&amp;take care
E0196,2,T1675|T3680,train,spam,False,False,well done england! get the official poly ringtone or colour flag on yer mobile! text tone or flag to 84199 now! opt-out txt eng stop. box39822 w111wx £1.50
E0197,2,T1680|T1988,train,spam,False,False,"final chance! claim ur £150 worth of discount vouchers today! text yes to 85023 now! savamob, member offers mobile! t cs savamob pobox84, m263uz. £3.00 subs 16"
E0198,2,T1697|T1718,train,spam,False,False,"sunshine hols. to claim ur med holiday send a stamped self address envelope to drinks on us uk, po box 113, bray, wicklow, eire. quiz starts saturday! unsub stop"
E0199,2,H0422|H0829,heldout,spam,False,False,"u can win £100 of music gift vouchers every week starting now txt the word draw to 87066 tscs www.idew.com skillgame, 1winaweek, age16. 150ppermesssubscription"
E0200,3,H0423|H0605|H0933,heldout,ham,False,False,tessy..pls do me a favor. pls convey my birthday wishes to nimya..pls dnt forget it. today is her birthday shijas
E0201,2,T1728|T2297,train,ham,False,False,"sad story of a man - last week was my b'day. my wife did'nt wish me. my parents forgot n so did my kids . i went to work. even my colleagues did not wish. as i entered my cabin my pa said, '' happy b'day boss !!''. i felt special. she askd me 4 lunch. after lunch she invited me to her apartment. we went there. she said,'' do u mind if i go into the bedroom for a minute ? '' ''ok'', i sed in a sexy mood. she came out 5 minuts latr wid a cake...n my wife, my parents, my kidz, my friends n my colleagues. all screaming.. surprise !! and i was waiting on the sofa.. ... ..... ' naked...!"
E0202,4,T1747|T2818|T3086|T3231,train,ham,False,False,ok.
E0203,2,T1751|T3510,train,ham,False,False,purity of friendship between two is not about smiling after reading the forwarded message..its about smiling just by seeing the name. gud evng
E0204,2,H0439|H0990,heldout,ham,False,False,"a boy was late 2 home. his father: ""power of frndship"""
E0205,3,T1767|T2440|T4143,train,ham,False,False,raji..pls do me a favour. pls convey my birthday wishes to nimya. pls. today is her birthday.
E0206,2,H0440|H0815,heldout,spam,False,False,"urgent!! your 4* costa del sol holiday or £5000 await collection. call 09050090044 now toclaim. sae, tc s, pobox334, stockport, sk38xh, cost£1.50/pm, max10mins"
E0207,3,H0455|H0834|H0871,heldout,ham,False,False,sad story of a man - last week was my b'day. my wife did'nt wish me. my parents forgot n so did my kids . i went to work. even my colleagues did not wish.
E0208,2,H0457|H0618,heldout,spam,False,False,not heard from u4 a while. call 4 rude chat private line 01223585334 to cum. wan 2c pics of me gettin shagged then text pix to 8552. 2end send stop 8552 sam xxx
E0209,2,T1821|T3367,train,ham,False,False,"sorry, i'll call later in meeting"
E0210,2,T1843|T2791,train,ham,False,False,friendship poem: dear o dear u r not near but i can hear dont get fear live with cheer no more tear u r always my dear. gud ni8
E0211,2,T1860|T4376,train,ham,False,False,ok lor.
E0212,2,H0468|H0546,heldout,ham,False,False,tell your friends what you plan to do on valentines day @ &lt;url&gt;
E0213,2,T1891|T4162,train,spam,False,False,"spook up your mob with a halloween collection of a logo & pic message plus a free eerie tone, txt card spook to 8007 zed 08701417012150p per logo/pic"
E0214,2,T1894|T3096,train,spam,False,False,"fantasy football is back on your tv. go to sky gamestar on sky active and play £250k dream team. scoring starts on saturday, so register now!sky opt out to 88088"
E0215,2,T1897|T2330,train,ham,False,False,if you r @ home then come down within 5 min
E0216,2,T1898|T4082,train,ham,False,False,"a boy loved a gal. he propsd bt she didnt mind. he gv lv lttrs, bt her frnds threw thm. again d boy decided 2 aproach d gal , dt time a truck was speeding towards d gal. wn it was about 2 hit d girl,d boy ran like hell n saved her. she asked 'hw cn u run so fast?' d boy replied ""boost is d secret of my energy"" n instantly d girl shouted ""our energy"" n thy lived happily 2gthr drinking boost evrydy moral of d story:- i hv free msgs:d;): gud ni8"
E0217,2,T1905|T3027,train,spam,False,False,yes! the only place in town to meet exciting adult singles is now in the uk. txt chat to 86688 now! 150p/msg.
E0218,2,H0475|H0949,heldout,ham,False,False,"hi, mobile no. &lt;#&gt; has added you in their contact list on www.fullonsms.com it s a great place to send free sms to people for more visit fullonsms.com"
E0219,3,H0477|H0581|H0701,heldout,ham,False,False,no message..no responce..what happend?
E0220,2,T1913|T2780,train,ham,False,False,"wiskey brandy rum gin beer vodka scotch shampain wine ""kudi""yarasu dhina vaazhthukkal. .."
E0221,2,T1919|T2709,train,ham,False,False,i don't run away frm u... i walk slowly &amp; it kills me that u don't care enough to stop me...
E0222,3,T1932|T2154|T2638,train,ham,False,False,"solve d case : a man was found murdered on &lt;decimal&gt; . &lt;#&gt; afternoon. 1,his wife called police. 2,police questioned everyone. 3,wife: sir,i was sleeping, when the murder took place. 4.cook: i was cooking. 5.gardener: i was picking vegetables. 6.house-maid: i went 2 d post office. 7.children: we went 2 play. 8.neighbour: we went 2 a marriage. police arrested d murderer immediately. who's it? reply with reason, if u r brilliant."
E0223,2,T1984|T4029,train,ham,False,False,is there coming friday is leave for pongal?do you get any news from your work place.
E0224,3,T2000|T2222|T3322,train,ham,False,False,i dont thnk its a wrong calling between us
E0225,2,T2035|T3977,train,ham,False,False,yup ok...
E0226,2,T2046|T4144,train,ham,False,False,company is very good.environment is terrific and food is really nice:)
E0227,2,H0508|H1033,heldout,spam,False,False,"congrats 2 mobile 3g videophones r yours. call 09063458130 now! videochat wid ur mates, play java games, dload polyph music, noline rentl. bx420. ip4. 5we. 150p"
E0228,3,T2087|T2096|T4209,train,ham,False,False,"as usual..iam fine, happy &amp; doing well..:)"
E0229,4,T2088|T2161|T3132|T4155,train,ham,False,False,okie
E0230,3,T2106|T2190|T2278,train,ham,False,False,ok lor...
E0231,2,T2140|T2752,train,ham,False,False,he remains a bro amongst bros
E0232,2,T2156|T3170,train,ham,False,False,i got a call from a landline number. . . i am asked to come to anna nagar . . . i will go in the afternoon
E0233,2,T2174|T3063,train,ham,False,False,"feb &lt;#&gt; is ""i love u"" day. send dis to all ur ""valued frnds"" evn me. if 3 comes back u'll gt married d person u luv! if u ignore dis u will lose ur luv 4 evr"
E0234,2,T2180|T3199,train,spam,False,False,great new offer - double mins & double txt on best orange tariffs and get latest camera phones 4 free! call mobileupd8 free on 08000839402 now! or 2stoptxt t&cs
E0235,3,T2188|T2311|T3563,train,ham,False,False,"house-maid is the murderer, coz the man was murdered on &lt;#&gt; th january.. as public holiday all govt.instituitions are closed,including post office..understand?"
E0236,2,T2193|T2974,train,ham,False,False,no i am not having not any movies in my laptop
E0237,2,T2228|T3213,train,ham,False,False,i am on the way to ur home
E0238,2,T2285|T2416,train,spam,False,False,"you've won tkts to the euro2004 cup final or £800 cash, to collect call 09058099801 b4190604, pobox 7876150ppm"
E0239,2,T2288|T2579,train,ham,False,False,nice.nice.how is it working?
E0240,2,H0551|H0660,heldout,ham,False,False,ok thanx...
E0241,2,H0556|H0977,heldout,ham,False,False,"japanese proverb: if one can do it, u too can do it, if none can do it,u must do it indian version: if one can do it, let him do it.. if none can do it,leave it!! and finally kerala version: if one can do it, stop him doing it.. if none can do it, make a strike against it ..."
E0242,2,T2336|T4224,train,ham,False,False,"helloooo... wake up..! ""sweet"" ""morning"" ""welcomes"" ""you"" ""enjoy"" ""this day"" ""with full of joy"".. ""gud mrng""."
E0243,2,T2402|T3907,train,spam,False,False,no 1 polyphonic tone 4 ur mob every week! just txt pt2 to 87575. 1st tone free ! so get txtin now and tell ur friends. 150p/tone. 16 reply hl 4info
E0244,2,T2562|T4274,train,ham,False,False,"my parents, my kidz, my friends n my colleagues. all screaming.. surprise !! and i was waiting on the sofa.. ... ..... ' naked...!"
E0245,2,H0624|H0983,heldout,spam,False,False,"this is the 2nd time we have tried 2 contact u. u have won the 750 pound prize. 2 claim is easy, call 08712101358 now! only 10p per min. bt-national-rate"
E0246,3,H0627|H0648|H0883,heldout,ham,False,False,"she said,'' do u mind if i go into the bedroom for a minute ? '' ''ok'', i sed in a sexy mood. she came out 5 minuts latr wid a cake...n my wife,"
E0247,2,T2595|T4103,train,ham,False,False,"rose for red,red for blood,blood for heart,heart for u. but u for me.... send tis to all ur friends.. including me.. if u like me.. if u get back, 1-u r poor in relation! 2-u need some 1 to support 3-u r frnd 2 many 4-some1 luvs u 5+- some1 is praying god to marry u.:-) try it...."
E0248,2,T2694|T2816,train,ham,False,False,still i have not checked it da. . .
E0249,2,T2696|T3848,train,ham,False,False,reverse is cheating. that is not mathematics.
E0250,2,T2719|T3679,train,ham,False,False,tomorrow i am not going to theatre. . . so i can come wherever u call me. . . tell me where and when to come tomorrow
E0251,2,H0664|H0698,heldout,ham,False,False,joy's father is john. then john is the ____ of joy's father. if u ans ths you hav &lt;#&gt; iq. tis s ias question try to answer.
E0252,3,T2769|T3805|T4291,train,spam,False,False,camera - you are awarded a sipix digital camera! call 09061221066 fromm landline. delivery within 28 days.
E0253,2,T2796|T3026,train,spam,False,False,bloomberg -message center +447797706009 why wait? apply for your future http://careers. bloomberg.com
E0254,2,T2805|T2893,train,ham,False,False,heart is empty without love.. mind is empty without wisdom.. eyes r empty without dreams &amp; life is empty without frnds.. so alwys be in touch. good night &amp; sweet dreams
E0255,2,T2821|T3229,train,spam,False,False,"wan2 win a meet+greet with westlife 4 u or a m8? they are currently on what tour? 1)unbreakable, 2)untamed, 3)unkempt. text 1,2 or 3 to 83049. cost 50p +std text"
E0256,3,T2852|T3006|T3406,train,ham,False,False,i'm at home. please call
E0257,2,T2870|T3014,train,ham,False,False,no da. . vijay going to talk in jaya tv
E0258,2,T2874|T2928,train,ham,False,False,still chance there. if you search hard you will get it..let have a try :)
E0259,2,T2882|T4033,train,spam,False,False,you won't believe it but it's true. it's incredible txts! reply g now to learn truly amazing things that will blow your mind. from o2fwd only 18p/txt
E0260,2,T2885|T4086,train,ham,False,False,"the sign of maturity is not when we start saying big things.. but actually it is, when we start understanding small things... *have a nice evening* bslvyl"
E0261,2,T2897|T3882,train,ham,False,False,i am in escape theatre now. . going to watch kavalan in a few minutes
E0262,2,T2930|T4251,train,spam,False,False,get the official england poly ringtone or colour flag on yer mobile for tonights game! text tone or flag to 84199. optout txt eng stop box39822 w111wx £1.50
E0263,2,H0712|H1039,heldout,ham,False,False,i will reach ur home in &lt;#&gt; minutes
E0264,2,T3011|T3398,train,ham,False,False,"plz note: if anyone calling from a mobile co. &amp; asks u to type # &lt;#&gt; or # &lt;#&gt; . do not do so. disconnect the call,coz it iz an attempt of 'terrorist' to make use of the sim card no. itz confirmd by nokia n motorola n has been verified by cnn ibn."
E0265,2,T3022|T3976,train,ham,False,False,"a bit of ur smile is my hppnss, a drop of ur tear is my sorrow, a part of ur heart is my life, a heart like mine wil care for u, forevr as my goodfriend"
E0266,2,H0735|H0912,heldout,spam,False,False,"mila, age23, blonde, new in uk. i look sex with uk guys. if u like fun with me. text mtalk to 69866.18 . 30pp/txt 1st 5free. £1.50 increments. help08718728876"
E0267,2,T3055|T3379,train,spam,False,False,"want to funk up ur fone with a weekly new tone reply tones2u 2 this text. www.ringtones.co.uk, the original n best. tones 3gbp network operator rates apply"
E0268,2,T3059|T3121,train,ham,False,False,"short but cute: ""be a good person, but dont try to prove it.."" .gud noon...."
E0269,2,T3078|T3730,train,ham,False,False,"please protect yourself from e-threats. sib never asks for sensitive information like passwords,atm/sms pin thru email. never share your password with anybody."
E0270,2,H0754|H0763,heldout,ham,False,False,can you plz tell me the ans. bslvyl sent via fullonsms.com
E0271,2,T3189|T3880,train,spam,False,False,you have won! as a valued vodafone customer our computer has picked you to win a £150 prize. to collect is easy. just call 09061743386
E0272,2,T3217|T3897,train,spam,False,False,bored housewives! chat n date now! 0871750.77.11! bt-national rate 10p/min only from landlines!
E0273,2,T3248|T4193,train,spam,False,False,you are chosen to receive a £350 award! pls call claim number 09066364311 to collect your award which you are selected to receive as a valued mobile customer.
E0274,2,T3433|T3524,train,ham,False,False,the greatest test of courage on earth is to bear defeat without losing heart....gn tc
E0275,2,T3438|T4178,train,spam,False,False,natalja (25/f) is inviting you to be her friend. reply yes-440 or no-440 see her: www.sms.ac/u/nat27081980 stop? send stop frnd to 62468
E0276,2,T3472|T4179,train,ham,False,False,i keep ten rs in my shelf:) buy two egg.
E0277,2,T3480|T3622,train,spam,False,False,"congrats! 2 mobile 3g videophones r yours. call 09061744553 now! videochat wid ur mates, play java games, dload polyh music, noline rentl. bx420. ip4. 5we. 150pm"
E0278,2,T3490|T4061,train,ham,False,False,i want to sent &lt;#&gt; mesages today. thats y. sorry if i hurts
E0279,2,T3512|T4168,train,ham,False,False,me fine..absolutly fine
E0280,2,T3515|T4216,train,spam,False,False,"if you don't, your prize will go to another customer. t&c at www.t-c.biz 18+ 150p/min polo ltd suite 373 london w1j 6hl please call back if busy"
E0281,2,T3572|T4149,train,ham,False,False,i sent them. do you like?
E0282,2,T3611|T4400,train,spam,False,False,"sms services. for your inclusive text credits, pls goto www.comuk.net login= 3qxj9 unsubscribe with stop, no extra charge. help 08702840625.comuk. 220-cm2 9ae"
E0283,2,T3654|T3803,train,ham,False,False,i am in hospital da. . i will return home in evening
E0284,2,T3665|T4241,train,ham,False,False,at what time should i come tomorrow
E0285,2,H0922|T4292,heldout|train,spam,True,False,a £400 xmas reward is waiting for you! our computer has randomly picked you from our loyal mobile customers to receive a £400 reward. just call 09066380611
E0286,2,H0996|H1035,heldout,ham,False,False,oh k. . i will come tomorrow
E0287,2,T4060|T4202,train,ham,False,False,gud ni8 dear..slp well..take care..swt dreams..muah..
E0288,2,H1030|H1038,heldout,spam,False,False,"you ve won! your 4* costa del sol holiday or £5000 await collection. call 09050090044 now toclaim. sae, tc s, pobox334, stockport, sk38xh, cost£1.50/pm, max10mins"
E0289,2,T4118|T4374,train,spam,False,False,get your garden ready for summer with a free selection of summer bulbs and seeds worth £33:50 only with the scotsman this saturday. to stop go2 notxt.co.uk
E0290,2,T4173|T4429,train,ham,False,False,"i know you are thinkin malaria. but relax, children cant handle malaria. she would have been worse and its gastroenteritis. if she takes enough to replace her loss her temp will reduce. and if you give her malaria meds now she will just vomit. its a self limiting illness she has which means in a few days it will completely stop"
