id,split,uci_row_number,label,text,word_p_spam,word_pred,char_p_spam,char_pred,prediction_source,neighbour_count,opposite_neighbour_fraction,closest_opposite_id,closest_opposite_similarity,neighbour_ids,neighbour_labels,neighbour_similarities,word_opposes,char_opposes,neighbour_opposes,signal_count,mean_p_spam,opposition_strength,proposed_label,candidate_score
T2378,train,2966,spam,"Do you ever notice that when you're driving, anyone going slower than you is an idiot and everyone driving faster than you is a maniac?",0.0092445076628696,ham,0.0076675981016084,ham,5-fold-oof,5,1.0,T1203,0.32776726803005285,T1203|T1952|T4096|T0641|T3323,ham|ham|ham|ham|ham,0.3278|0.3126|0.2821|0.2643|0.2307,True,True,True,3,0.008456052882239,0.991543947117761,ham,1.791543947117761
T2139,train,2664,spam,"Hello darling how are you today? I would love to have a chat, why dont you tell me what you look like and what you are in to sexy?",0.0159165838287932,ham,0.0105487975873332,ham,5-fold-oof,5,1.0,T3992,0.3427095097807362,T3992|T2038|T0134|T0878|H0516,ham|ham|ham|ham|ham,0.3427|0.3385|0.3097|0.2799|0.2769,True,True,True,3,0.0132326907080632,0.9867673092919368,ham,1.786767309291937
T2710,train,3361,spam,Sorry I missed your call let's talk when you have the time. I'm on 07090201529,0.0711666600417082,ham,0.0261503835479,ham,5-fold-oof,5,1.0,T1892,0.3534438027124476,T1892|T4070|T1934|H0374|T1280,ham|ham|ham|ham|ham,0.3534|0.3361|0.2251|0.2194|0.2069,True,True,True,3,0.0486585217948041,0.9513414782051959,ham,1.751341478205196
H0550,heldout,2824,spam,ROMCAPspam Everyone around should be responding well to your presence since you are so warm and outgoing. You are bringing in a real breath of sunshine.,0.0809588872604513,ham,0.0632627549079159,ham,fit-all-train,5,1.0,T0664,0.32413230529323234,T0664|T0302|T2482|T0881|T2344,ham|ham|ham|ham|ham,0.3241|0.2125|0.2051|0.1974|0.1968,True,True,True,3,0.0721108210841836,0.9278891789158163,ham,1.7278891789158164
H0896,heldout,4515,spam,Money i have won wining number 946 wot do i do next,0.1053267752045251,ham,0.0627275472735786,ham,fit-all-train,5,1.0,H0978,0.31929915771499284,H0978|T2681|H0849|H0224|T3194,ham|ham|ham|ham|ham,0.3193|0.2917|0.2830|0.2830|0.2808,True,True,True,3,0.08402716123905185,0.9159728387609481,ham,1.7159728387609483
T2055,train,2559,spam,This message is brought to you by GMW Ltd. and is not connected to the,0.1356590237407511,ham,0.108731795841926,ham,5-fold-oof,5,1.0,T3751,0.30139307617466216,T3751|T3117|T2411|T2926|H0461,ham|ham|ham|ham|ham,0.3014|0.2858|0.2835|0.2519|0.2515,True,True,True,3,0.12219540979133854,0.8778045902086614,ham,1.6778045902086614
H0143,heldout,752,spam,"Do you realize that in about 40 years, we'll have thousands of old ladies running around with tattoos?",0.0170738402298953,ham,0.0187658230736754,ham,fit-all-train,5,1.0,T3740,0.20400079801380133,T3740|T0587|T3765|H1013|T3808,ham|ham|ham|ham|ham,0.2040|0.2015|0.1943|0.1706|0.1651,True,True,False,2,0.017919831651785352,0.9820801683482147,ham,1.5820801683482146
T0059,train,69,spam,"Did you hear about the new ""Divorce Barbie""? It comes with all of Ken's stuff!",0.0373456450974763,ham,0.0321746710896986,ham,5-fold-oof,5,1.0,T2587,0.2874618955409902,T2587|H0276|T3555|H1006|H0166,ham|ham|ham|ham|ham,0.2875|0.1961|0.1773|0.1760|0.1693,True,True,False,2,0.03476015809358745,0.9652398419064125,ham,1.5652398419064124
T2232,train,2775,spam,How come it takes so little time for a child who is afraid of the dark to become a teenager who wants to stay out all night?,0.0505058095585316,ham,0.0237992491133677,ham,5-fold-oof,5,1.0,T1184,0.24390006923483154,T1184|T0265|T0602|T3641|T2445,ham|ham|ham|ham|ham,0.2439|0.2076|0.2023|0.2000|0.1936,True,True,False,2,0.03715252933594965,0.9628474706640504,ham,1.5628474706640503
T0774,train,956,spam,Filthy stories and GIRLS waiting for your,0.1913761484867745,ham,0.212508535439146,ham,5-fold-oof,5,0.8094274211946871,T0470,0.3535750490176657,T0470|T2715|T3948|H0366|H0022,ham|ham|spam|ham|ham,0.3536|0.3119|0.2884|0.2854|0.2741,True,True,True,3,0.20194234196296024,0.7980576580370398,ham,1.5599431422759773
H0814,heldout,4145,spam,"In The Simpsons Movie released in July 2007 name the band that died at the start of the film? A-Green Day, B-Blue Day, C-Red Day. (Send A, B or C)",0.0272427855655868,ham,0.0637378680335254,ham,fit-all-train,5,1.0,T0229,0.188796007114311,T0229|T1448|T0801|T3496|T1041,ham|ham|ham|ham|ham,0.1888|0.1880|0.1871|0.1818|0.1818,True,True,False,2,0.0454903267995561,0.9545096732004439,ham,1.554509673200444
T2755,train,3420,spam,LIFE has never been this much fun and great until you came in. You made it truly special for me. I won't forget you! enjoy @ one gbp/sms,0.0473631603763138,ham,0.0459995837460949,ham,5-fold-oof,5,1.0,T0262,0.20590938905188283,T0262|T1580|T0447|T2036|T1392,ham|ham|ham|ham|ham,0.2059|0.2014|0.1948|0.1890|0.1806,True,True,False,2,0.046681372061204346,0.9533186279387956,ham,1.5533186279387956
T0702,train,870,spam,Hello. We need some posh birds and chaps to user trial prods for champneys. Can i put you down? I need your address and dob asap. Ta r,0.0508910284606444,ham,0.0429232061059888,ham,5-fold-oof,5,1.0,T3660,0.2353520761636776,T3660|T3306|H0138|T0146|H0742,ham|ham|ham|ham|ham,0.2354|0.2323|0.2254|0.1977|0.1950,True,True,False,2,0.046907117283316604,0.9530928827166834,ham,1.5530928827166834
T0592,train,732,spam,Email AlertFrom: Jeri StewartSize: 2KBSubject: Low-cost prescripiton drvgsTo listen to email call 123,0.2817536821107214,ham,0.2357697548964518,ham,5-fold-oof,5,1.0,H1061,0.30036281125524367,H1061|H0359|T1759|H0120|T3241,ham|ham|ham|ham|ham,0.3004|0.3004|0.2155|0.1983|0.1855,True,True,True,3,0.2587617185035866,0.7412382814964134,ham,1.5412382814964134
H0330,heldout,1675,spam,Monthly password for wap. mobsi.com is 391784. Use your wap phone not PC.,0.3040148459276564,ham,0.2202558627975779,ham,fit-all-train,5,1.0,T2235,0.40822274270710723,T2235|T2798|T2039|T3078|T3730,ham|ham|ham|ham|ham,0.4082|0.2152|0.2062|0.2061|0.2061,True,True,True,3,0.26213535436261715,0.7378646456373829,ham,1.5378646456373828
T3272,train,4070,spam,TBS/PERSOLVO. been chasing us since Sept for£38 definitely not paying now thanks to your information. We will ignore them. Kath. Manchester.,0.1068619375861476,ham,0.0676103210038688,ham,5-fold-oof,5,1.0,T0525,0.23110443333957076,T0525|T1765|H0054|H1109|T3112,ham|ham|ham|ham|ham,0.2311|0.2083|0.2015|0.1968|0.1903,True,True,False,2,0.08723612929500821,0.9127638707049918,ham,1.5127638707049917
T3390,train,4214,spam,Missed call alert. These numbers called but left no message. 07008009200,0.1720673682508363,ham,0.2842368985574349,ham,5-fold-oof,5,0.6294117748226936,T2698,0.3582684473174895,T2698|T4305|T0971|T2363|T1590,ham|spam|ham|spam|ham,0.3583|0.2528|0.2300|0.2244|0.2222,True,True,True,3,0.2281521334041356,0.7718478665958644,ham,1.4977302215604031
T1798,train,2248,spam,"Hi ya babe x u 4goten bout me?' scammers getting smart..Though this is a regular vodafone no, if you respond you get further prem rate msg/subscription. Other nos used also. Beware!",0.0371017556370235,ham,0.1033860010450752,ham,5-fold-oof,5,0.8146904345076951,T2774,0.20767882493725076,T2774|T1852|T0664|T2461|T2582,ham|ham|ham|spam|ham,0.2077|0.1870|0.1727|0.1667|0.1657,True,True,False,2,0.07024387834104935,0.9297561216589506,ham,1.4926942085604897
T1505,train,1876,spam,Would you like to see my XXX pics they are so hot they were nearly banned in the uk!,0.0721695004094035,ham,0.0248979973139293,ham,5-fold-oof,5,0.6253143027180529,T4408,0.22324280991946666,T4408|H0678|T2873|T1523|T1471,ham|ham|spam|ham|spam,0.2232|0.2179|0.1917|0.1815|0.1814,True,True,False,2,0.0485337488616664,0.9514662511383336,ham,1.4765291116819441
T4358,train,5452,spam,"Latest News! Police station toilet stolen, cops have nothing to go on!",0.1035755942141994,ham,0.1534329698267505,ham,5-fold-oof,5,1.0,T2691,0.21455916383000218,T2691|T0883|T3564|T2205|T0159,ham|ham|ham|ham|ham,0.2146|0.1964|0.1835|0.1579|0.1565,True,True,False,2,0.12850428202047495,0.8714957179795251,ham,1.471495717979525
T3105,train,3865,spam,"Oh my god! I've found your number again! I'm so glad, text me back xafter this msgs cst std ntwk chg £1.50",0.0762509084154764,ham,0.1031606549592188,ham,5-fold-oof,5,0.7821078794438355,T2027,0.2154939538294498,T2075|T2027|H0978|H0646|T3074,spam|ham|ham|ham|ham,0.2291|0.2155|0.2103|0.2002|0.1963,True,True,False,2,0.08970578168734761,0.9102942183126523,ham,1.4667157942014193
T2793,train,3461,spam,Not heard from U4 a while. Call me now am here all night with just my knickers on. Make me beg for it like U did last time 01223585236 XX Luv Nikiyu4.net,0.0337664120842229,ham,0.0403555966457297,ham,5-fold-oof,5,0.49598637778679927,T2312,0.2254559481372881,H0618|H0457|T2312|T0070|H1001,spam|spam|ham|ham|ham,0.3155|0.3155|0.2255|0.1980|0.1975,True,True,False,2,0.0370610043649763,0.9629389956350237,ham,1.4621362711923835
T4296,train,5373,spam,dating:i have had two of these. Only started after i sent a text to talk sport radio last week. Any connection do you think or coincidence?,0.1196584566799897,ham,0.1674314115469513,ham,5-fold-oof,5,1.0,T3751,0.27615817565555434,T3751|T3403|T2264|T3821|T0699,ham|ham|ham|ham|ham,0.2762|0.2552|0.2256|0.2206|0.2077,True,True,False,2,0.1435449341134705,0.8564550658865295,ham,1.4564550658865294
T3963,train,4950,spam,"Hi this is Amy, we will be sending you a free phone number in a couple of days, which will give you an access to all the adult parties...",0.1123900378936111,ham,0.1009697357261026,ham,5-fold-oof,5,0.8081321735737144,T4428,0.26688201022665736,T4428|H0978|T2307|T2027|T1405,ham|ham|spam|ham|ham,0.2669|0.2415|0.2257|0.2235|0.2190,True,True,False,2,0.10667988680985685,0.8933201131901432,ham,1.454946547904886
T1926,train,2403,spam,Babe: U want me dont u baby! Im nasty and have a thing 4 filthyguys. Fancy a rude time with a sexy bitch. How about we go slo n hard! Txt XXX SLO(4msgs),0.0528347806330865,ham,0.1527207671549971,ham,5-fold-oof,5,0.7862501514278406,H0090,0.16953510721024556,T0774|H0090|T0864|T0690|H0507,spam|ham|ham|ham|ham,0.1790|0.1695|0.1694|0.1657|0.1537,True,True,False,2,0.1027777738940418,0.8972222261059581,ham,1.4544722563915262
T2229,train,2771,spam,Burger King - Wanna play footy at a top stadium? Get 2 Burger King before 1st Sept and go Large or Super with Coca-Cola and walk out a winner,0.1624574566113641,ham,0.1859360070221021,ham,5-fold-oof,5,1.0,T0052,0.2385537807941963,T0052|H0811|H0568|T4018|T0652,ham|ham|ham|ham|ham,0.2386|0.1616|0.1471|0.1470|0.1426,True,True,False,2,0.17419673181673312,0.8258032681832669,ham,1.4258032681832669
T1149,train,1431,spam,For sale - arsenal dartboard. Good condition but no doubles or trebles!,0.0686716481338929,ham,0.1197265638417386,ham,5-fold-oof,5,0.5571764651160142,T3400,0.18784557442873273,T3934|T3400|T0434|T0433|H0625,spam|ham|ham|spam|ham,0.2499|0.1878|0.1698|0.1559|0.1530,True,True,False,2,0.09419910598781575,0.9058008940121842,ham,1.4172361870353871
T2847,train,3531,spam,"Xmas & New Years Eve tickets are now on sale from the club, during the day from 10am till 8pm, and on Thurs, Fri & Sat night this week. They're selling fast!",0.2476750647132415,ham,0.1552344957587465,ham,5-fold-oof,5,1.0,T4248,0.1946874593701794,T4248|H0107|T3525|T3991|T3338,ham|ham|ham|ham|ham,0.1947|0.1886|0.1794|0.1660|0.1638,True,True,False,2,0.201454780235994,0.7985452197640059,ham,1.3985452197640058
T1322,train,1639,spam,"0A$NETWORKS allow companies to bill for SMS, so they are responsible for their ""suppliers"", just as a shop has to give a guarantee on what they sell. B. G.",0.2332886694958277,ham,0.1724792156529519,ham,5-fold-oof,5,1.0,T4087,0.20348092989334088,T4087|H0418|T0901|T0664|T3894,ham|ham|ham|ham|ham,0.2035|0.1738|0.1588|0.1452|0.1421,True,True,False,2,0.2028839425743898,0.7971160574256102,ham,1.3971160574256103
T1951,train,2431,spam,Guess who am I?This is the first time I created a web page WWW.ASJESUS.COM read all I wrote. I'm waiting for your opinions. I want to be your friend 1/1,0.322565090400023,ham,0.0862130618040638,ham,5-fold-oof,5,1.0,T1445,0.2780708835331922,T1445|T2715|T0470|H0366|T0743,ham|ham|ham|ham|ham,0.2781|0.2308|0.2287|0.2064|0.2059,True,True,False,2,0.2043890761020434,0.7956109238979566,ham,1.3956109238979566
T2521,train,3133,spam,"LookAtMe!: Thanks for your purchase of a video clip from LookAtMe!, you've been charged 35p. Think you can do better? Why not send a video in a MMSto 32323.",0.1241277835887912,ham,0.2950685982494134,ham,5-fold-oof,5,0.8000013705883673,T0562,0.2396438736144233,T0562|T3587|H0004|H0768|T3089,ham|ham|spam|ham|ham,0.2396|0.2281|0.2210|0.2097|0.2064,True,True,False,2,0.2095981909191023,0.7904018090808977,ham,1.3504020831985715
T2273,train,2822,spam,INTERFLORA - It's not too late to order Interflora flowers for christmas call 0800 505060 to place your order before Midnight tomorrow.,0.2378605492579444,ham,0.2744756591490687,ham,5-fold-oof,5,1.0,T3570,0.2802212563834925,T3570|T1696|T3552|T0268|T4420,ham|ham|ham|ham|ham,0.2802|0.2451|0.2370|0.2289|0.2121,True,True,False,2,0.25616810420350655,0.7438318957964934,ham,1.3438318957964934
T4433,train,5543,spam,ASKED 3MOBILE IF 0870 CHATLINES INCLU IN FREE MINS. INDIA CUST SERVs SED YES. L8ER GOT MEGA BILL. 3 DONT GIV A SHIT. BAILIFF DUE IN DAYS. I O £250 3 WANT £800,0.0642124657132642,ham,0.448982263574367,ham,5-fold-oof,5,1.0,T1049,0.14886046273224574,T1049|T0206|H0319|H0935|T2773,ham|ham|ham|ham|ham,0.1489|0.1486|0.1317|0.1274|0.1269,True,True,False,2,0.2565973646438156,0.7434026353561844,ham,1.3434026353561845
T3864,train,4822,spam,Check Out Choose Your Babe Videos @ sms.shsex.netUN fgkslpoPW fgkslpo,0.1949886685327302,ham,0.1816115039108249,ham,5-fold-oof,5,0.6378561108156349,T0693,0.23856290227226729,T0693|T0503|T3807|T0255|H0891,ham|ham|ham|spam|spam,0.2386|0.1714|0.1673|0.1644|0.1634,True,True,False,2,0.18830008622177755,0.8116999137782225,ham,1.3392711359413494
T3947,train,4931,spam,"Got what it takes 2 take part in the WRC Rally in Oz? U can with Lucozade Energy! Text RALLY LE to 61200 (25p), see packs or lucozade.co.uk/wrc & itcould be u!",0.3411717802388204,ham,0.2117309321873585,ham,5-fold-oof,5,1.0,T2323,0.10326893607385967,T2323|T1668|T4184|H0322|T3677,ham|ham|ham|ham|ham,0.1033|0.1031|0.1016|0.1015|0.1014,True,True,False,2,0.27645135621308947,0.7235486437869105,ham,1.3235486437869104
T0948,train,1173,spam,"Got what it takes 2 take part in the WRC Rally in Oz? U can with Lucozade Energy! Text RALLY LE to 61200 (25p), see packs or lucozade.co.uk/wrc & itcould be u!",0.3411717802388204,ham,0.2117309321873585,ham,5-fold-oof,5,1.0,T2323,0.10326893607385967,T2323|T1668|T4184|H0322|T3677,ham|ham|ham|ham|ham,0.1033|0.1031|0.1016|0.1015|0.1014,True,True,False,2,0.27645135621308947,0.7235486437869105,ham,1.3235486437869104
T3981,train,4969,spam,You can donate £2.50 to UNICEF's Asian Tsunami disaster support fund by texting DONATE to 864233. £2.50 will be added to your next bill,0.3763103013787935,ham,0.1889887757597203,ham,5-fold-oof,5,1.0,T2611,0.19845589100900707,T2611|T3902|T0491|T3935|H0557,ham|ham|ham|ham|ham,0.1985|0.1537|0.1519|0.1465|0.1385,True,True,False,2,0.2826495385692569,0.7173504614307431,ham,1.317350461430743
T2172,train,2700,spam,FROM 88066 LOST £12 HELP,0.1655518019784666,ham,0.2086466758663408,ham,5-fold-oof,5,0.48141768032360926,T0929,0.23113099091217038,T1811|T0929|T1367|T2614|T3498,spam|ham|ham|ham|ham,0.8677|0.2311|0.2073|0.1836|0.1836,True,True,False,2,0.1870992389224037,0.8129007610775962,ham,1.3091842971423182
T1811,train,2270,spam,88066 FROM 88066 LOST 3POUND HELP,0.1725139210351836,ham,0.1731591000574824,ham,5-fold-oof,5,0.40572376521540576,T0929,0.1699792604724223,T2172|T0929|T1367|T3498|T1510,spam|ham|ham|ham|ham,0.8677|0.1700|0.1524|0.1350|0.1350,True,True,False,2,0.17283651054633298,0.827163489453667,ham,1.308308242496748
T3015,train,3743,spam,2/2 146tf150p,0.0471242357496655,ham,0.1521818697916247,ham,5-fold-oof,5,0.0,,0.0,T0348|T1398|T2873|T0845|H0611,spam|spam|spam|spam|spam,0.3322|0.2317|0.0587|0.0584|0.0556,True,True,False,2,0.0996530527706451,0.9003469472293549,ham,1.300346947229355
T3461,train,4299,spam,thesmszone.com lets you send free anonymous and masked messages..im sending this message from there..do you see the potential for abuse???,0.2955598392773286,ham,0.3286528559567685,ham,5-fold-oof,5,1.0,T3117,0.2753529161827398,T3117|T4264|H0387|H0979|H0459,ham|ham|ham|ham|ham,0.2754|0.2547|0.2454|0.2454|0.2454,True,True,False,2,0.3121063476170486,0.6878936523829514,ham,1.2878936523829514
T1557,train,1941,spam,More people are dogging in your area now. Call 09090204448 and join like minded guys. Why not arrange 1 yourself. There's 1 this evening. A£1.50 minAPN LS278BB,0.324138819508355,ham,0.230240151576463,ham,5-fold-oof,5,0.6180000564557876,T0363,0.20339082356754057,T0363|T2947|T2943|T3109|T2144,ham|ham|spam|ham|spam,0.2034|0.1936|0.1832|0.1719|0.1685,True,True,False,2,0.27718948554240896,0.722810514457591,ham,1.2464105257487486
T0006,train,6,spam,"FreeMsg Hey there darling it's been 3 week's now and no word back! I'd like some fun you up for it still? Tb ok! XxX std chgs to send, £1.50 to rcv",0.2161057151537487,ham,0.3308907838397325,ham,5-fold-oof,5,0.5881960144188767,T1593,0.17344180693599986,T3105|T1593|T3550|H0377|H0646,spam|ham|ham|spam|ham,0.1890|0.1734|0.1705|0.1687|0.1670,True,True,False,2,0.2734982494967406,0.7265017505032594,ham,1.2441409533870347
T3202,train,3982,spam,ringtoneking 84484,0.0486209571191007,ham,0.2956424534771393,ham,5-fold-oof,5,0.0,,0.0,H0315|H0044|T3285|T1174|T3209,spam|spam|spam|spam|spam,0.4189|0.2426|0.2364|0.2272|0.2145,True,True,False,2,0.17213170529812,0.8278682947018801,ham,1.2278682947018802
T3926,train,4907,spam,Warner Village 83118 C Colin Farrell in SWAT this wkend @Warner Village & get 1 free med. Popcorn!Just show msg+ticket@kiosk.Valid 4-7/12. C t&c @kiosk. Reply SONY 4 mre film offers,0.2971659134430167,ham,0.3750393357306731,ham,5-fold-oof,5,0.8145206211184682,T1544,0.20115790611977158,T1544|H0095|T4110|T4455|T2431,ham|ham|ham|spam|ham,0.2012|0.1796|0.1591|0.1529|0.1317,True,True,False,2,0.3361026245868449,0.6638973754131551,ham,1.2268014996368488
T1518,train,1894,spam,CALL 09090900040 & LISTEN TO EXTREME DIRTY LIVE CHAT GOING ON IN THE OFFICE RIGHT NOW TOTAL PRIVACY NO ONE KNOWS YOUR [sic] LISTENING 60P MIN 24/7MP 0870753331018+,0.3277733314192243,ham,0.45121288392804,ham,5-fold-oof,5,1.0,H0844,0.1995198953703412,H0844|T1481|T1856|T4032|T3650,ham|ham|ham|ham|ham,0.1995|0.1869|0.1730|0.1698|0.1666,True,True,False,2,0.38949310767363216,0.6105068923263679,ham,1.2105068923263678
T3934,train,4915,spam,"Goal! Arsenal 4 (Henry, 7 v Liverpool 2 Henry scores with a simple shot from 6 yards from a pass by Bergkamp to give Arsenal a 2 goal margin after 78 mins.",0.3415396193480607,ham,0.2074203435780741,ham,5-fold-oof,5,0.4211895862208231,T0343,0.21506763301637855,T1149|T0343|T1405|H0515|H0170,spam|ham|ham|spam|spam,0.2499|0.2151|0.1339|0.1148|0.1148,True,True,False,2,0.2744799814630674,0.7255200185369326,ham,1.2097579357810972
T0577,train,714,spam,08714712388 between 10am-7pm Cost 10p,0.1311459291267999,ham,0.3039443703171217,ham,5-fold-oof,5,0.11864862561959261,T2947,0.26697808672234424,H0445|T4014|T0583|T2978|T2947,spam|spam|spam|spam|ham,0.5655|0.5428|0.5005|0.3744|0.2670,True,True,False,2,0.2175451497219608,0.7824548502780392,ham,1.2061845754019578
T0192,train,228,spam,"Will u meet ur dream partner soon? Is ur career off 2 a flyng start? 2 find out free, txt HORO followed by ur star sign, e. g. HORO ARIES",0.403331087830128,ham,0.2958965757701645,ham,5-fold-oof,5,0.7408021484876014,H0836,0.1931412623944495,T1660|H0836|T3549|T3850|T1509,spam|ham|ham|ham|ham,0.2462|0.1931|0.1851|0.1692|0.1562,True,True,False,2,0.34961383180014627,0.6503861681998537,ham,1.198546597897374
T3233,train,4017,spam,You will be receiving this week's Triple Echo ringtone shortly. Enjoy it!,0.1179350818434825,ham,0.3805890923427525,ham,5-fold-oof,5,0.18522941729449166,T0384,0.22629859127370155,T3285|T3591|T2307|T0384|H0044,spam|spam|spam|ham|spam,0.2948|0.2519|0.2380|0.2263|0.2108,True,True,False,2,0.2492620870931175,0.7507379129068825,ham,1.1877837963657807
T0496,train,608,spam,XCLUSIVE@CLUBSAISAI 2MOROW 28/5 SOIREE SPECIALE ZOUK WITH NICHOLS FROM PARIS.FREE ROSES 2 ALL LADIES !!! info: 07946746291/07880867867 ,0.4388085918434822,ham,0.386125099628237,ham,5-fold-oof,5,1.0,T1508,0.2804740072715012,T1508|T0851|T4188|T3740|T0447,ham|ham|ham|ham|ham,0.2805|0.1823|0.1729|0.1644|0.1346,True,True,False,2,0.41246684573585957,0.5875331542641404,ham,1.1875331542641405
T1029,train,1270,spam,Can U get 2 phone NOW? I wanna chat 2 set up meet Call me NOW on 09096102316 U can cum here 2moro Luv JANE xx Calls£1/minmoremobsEMSPOBox45PO139WA,0.1366681457084682,ham,0.3163399087172478,ham,5-fold-oof,5,0.0,,0.0,H0287|T1799|T1338|T1180|T2761,spam|spam|spam|spam|spam,0.6679|0.2400|0.2360|0.2215|0.2107,True,True,False,2,0.226504027212858,0.773495972787142,ham,1.173495972787142
T3023,train,3751,spam,Dear Voucher Holder 2 claim your 1st class airport lounge passes when using Your holiday voucher call 08704439680. When booking quote 1st class x 2,0.279585245295048,ham,0.2696917853220092,ham,5-fold-oof,5,0.21706878566504076,H0227,0.24888291840643273,H0227|T3979|H0146|T3351|T2555,ham|spam|spam|spam|spam,0.2489|0.2337|0.2281|0.2279|0.2079,True,True,False,2,0.2746385153085286,0.7253614846914713,ham,1.1687752418244794
T0556,train,685,spam,Hi I'm sue. I am 20 years old and work as a lapdancer. I love sex. Text me live - I'm i my bedroom now. text SUE to 89555. By TextOperator G2 1DA 150ppmsg 18+,0.2676914087955597,ham,0.2995416606666313,ham,5-fold-oof,5,0.26083206858069763,T1976,0.15069778862809247,T2873|T1471|T2528|T1976|T1502,spam|spam|spam|ham|ham,0.4041|0.2981|0.1517|0.1507|0.1506,True,True,False,2,0.2836165347310955,0.7163834652689045,ham,1.1685498789850441
T1207,train,1501,spam,"SMS. ac JSco: Energy is high, but u may not know where 2channel it. 2day ur leadership skills r strong. Psychic? Reply ANS w/question. End? Reply END JSCO",0.2842279129768067,ham,0.2658213795787757,ham,5-fold-oof,5,0.21034172588056582,T0114,0.1703922879854214,T0047|T0114|T1064|T3102|T0660,spam|ham|spam|spam|spam,0.1848|0.1704|0.1539|0.1539|0.1471,True,True,False,2,0.2750246462777912,0.7249753537222088,ham,1.1670436988983222
T1180,train,1470,spam,Hi its LUCY Hubby at meetins all day Fri & I will B alone at hotel U fancy cumin over? Pls leave msg 2day 09099726395 Lucy x Calls£1/minMobsmoreLKPOBOX177HP51FL,0.0795916364336769,ham,0.4238476633882865,ham,5-fold-oof,5,0.0,,0.0,T2761|T1338|T1799|H0287|T1029,spam|spam|spam|spam|spam,0.5760|0.5639|0.5100|0.2675|0.2215,True,True,False,2,0.2517196499109817,0.7482803500890183,ham,1.1482803500890184
T3426,train,4257,spam,Block Breaker now comes in deluxe format with new features and great graphics from T-Mobile. Buy for just £5 by replying GET BBDELUXE and take the challenge,0.3484610994656281,ham,0.4259557098163674,ham,5-fold-oof,5,0.6356418561013316,T2543,0.27190711280966706,T2543|T1213|T3545|T2646|H0004,ham|spam|ham|ham|spam,0.2719|0.1874|0.1613|0.1504|0.1471,True,True,False,2,0.3872084046409977,0.6127915953590023,ham,1.1399199665792685
T2875,train,3565,spam,"Auction round 4. The highest bid is now £54. Next maximum bid is £71. To bid, send BIDS e. g. 10 (to bid £10) to 83383. Good luck.",0.3059539017855565,ham,0.2382547692841316,ham,5-fold-oof,5,0.0,,0.0,T4301|T0660|H1036|H0495|T1270,spam|spam|spam|spam|spam,0.2511|0.2022|0.1866|0.1741|0.1582,True,True,False,2,0.27210433553484403,0.727895664465156,ham,1.1278956644651559
T2343,train,2916,spam,Sorry! U can not unsubscribe yet. THE MOB offer package has a min term of 54 weeks> pls resubmit request after expiry. Reply THEMOB HELP 4 more info,0.2054986623613666,ham,0.419558841839573,ham,5-fold-oof,5,0.19942320512167463,T2043,0.20163068757260028,T3539|T2043|T4270|T2189|T0850,spam|ham|spam|spam|spam,0.2538|0.2016|0.1882|0.1837|0.1837,True,True,False,2,0.3125287521004698,0.6874712478995302,ham,1.127355888923865
T0047,train,55,spam,SMS. ac Sptv: The New Jersey Devils and the Detroit Red Wings play Ice Hockey. Correct or Incorrect? End? Reply END SPTV,0.6221823535326496,spam,0.3488636676553263,ham,5-fold-oof,5,1.0,T2456,0.3432817801469832,T2456|T1066|T3413|H0826|T1688,ham|ham|ham|ham|ham,0.3433|0.2726|0.2511|0.2464|0.2174,False,True,True,2,0.48552301059398795,0.514476989406012,ham,1.114476989406012
T3791,train,4730,ham,I (Career Tel) have added u as a contact on INDYAROCKS.COM to send FREE SMS. To remove from phonebook - sms NO to  &lt;#&gt;,0.7641795458685096,spam,0.6332090402518442,spam,5-fold-oof,5,0.0,,0.0,H0949|H0475|H0491|H0812|T1949,ham|ham|ham|ham|ham,0.3328|0.3328|0.3203|0.2286|0.2211,True,True,False,2,0.6986942930601769,0.6986942930601769,spam,1.098694293060177
T3212,train,3992,spam,(Bank of Granite issues Strong-Buy) EXPLOSIVE PICK FOR OUR MEMBERS *****UP OVER 300% *********** Nasdaq Symbol CDGT That is a $5.00 per..,0.3115284834056827,ham,0.3238336945655922,ham,5-fold-oof,5,0.07850629289490128,T2946,0.12793327300611046,T2824|H0467|T1654|T1685|T2946,spam|spam|spam|spam|ham,0.9600|0.2199|0.1895|0.1323|0.1279,True,True,False,2,0.3176810889856374,0.6823189110143626,ham,1.0980201695933427
T4039,train,5047,ham,"We have sent JD for Customer Service cum Accounts Executive to ur mail id, For details contact us",0.5044871510302054,spam,0.7161351539174219,spam,5-fold-oof,5,0.36077579185694775,H0371,0.2291376741918768,H0777|T0578|H0371|T0610|H0543,ham|ham|spam|spam|ham,0.2929|0.2906|0.2291|0.2291|0.2285,True,True,False,2,0.6103111524738136,0.6103111524738136,spam,1.0824663108452033
T1020,train,1261,ham,"We have sent JD for Customer Service cum Accounts Executive to ur mail id, For details contact us",0.5044871510302054,spam,0.7161351539174219,spam,5-fold-oof,5,0.36077579185694775,H0371,0.2291376741918768,H0777|T0578|H0371|T0610|H0543,ham|ham|spam|spam|ham,0.2929|0.2906|0.2291|0.2291|0.2285,True,True,False,2,0.6103111524738136,0.6103111524738136,spam,1.0824663108452033
H0927,heldout,4677,spam,"Hi babe its Chloe, how r u? I was smashed on saturday night, it was great! How was your weekend? U been missing me? SP visionsms.com Text stop to stop 150p/text",0.4797010529347472,ham,0.45602195472557,ham,fit-all-train,5,0.7094715248579736,T3180,0.25950804733962607,T2466|T3180|T0487|T1732|T0338,spam|ham|ham|ham|ham,0.3898|0.2595|0.2337|0.2315|0.2271,True,True,False,2,0.46786150383015856,0.5321384961698414,ham,1.0740328011414362
T3979,train,4966,spam,Dear Voucher holder Have your next meal on us. Use the following link on your pc 2 enjoy a 2 4 1 dining experiencehttp://www.vouch4me.com/etlp/dining.asp,0.3882982226357322,ham,0.3990486043639616,ham,5-fold-oof,5,0.16150348582228075,H0836,0.235616339788155,T3351|T2555|T0520|H0160|H0836,spam|spam|spam|spam|ham,0.3433|0.3154|0.2921|0.2725|0.2356,True,True,False,2,0.3936734134998469,0.606326586500153,ham,1.038627283664609
T0255,train,306,spam,"SMS. ac Blind Date 4U!: Rodds1 is 21/m from Aberdeen, United Kingdom. Check Him out http://img. sms. ac/W/icmb3cktz8r7!-4 no Blind Dates send HIDE",0.4806142316206058,ham,0.4702290666694462,ham,5-fold-oof,5,0.5669561298169916,T3791,0.14750154166118745,T3864|T0549|T3791|T3722|T2375,spam|spam|ham|ham|ham,0.1644|0.1496|0.1475|0.1330|0.1307,True,True,False,2,0.475421649145026,0.524578350854974,ham,1.0379695768183723
T3526,train,4395,spam,RECPT 1/3. You have ordered a Ringtone. Your order is being processed...,0.4765796220261895,ham,0.3619676248524775,ham,5-fold-oof,5,0.19275630752243345,T2484,0.207145401880672,H0451|T1780|H0065|H0632|T2484,spam|spam|spam|spam|ham,0.2193|0.2183|0.2160|0.2140|0.2071,True,True,False,2,0.4192736234393335,0.5807263765606665,ham,1.0192776380651531
H0181,heldout,944,spam,How about getting in touch with folks waiting for company? Just txt back your NAME and AGE to opt in! Enjoy the community (150p/SMS),0.5939435406761521,spam,0.475204903790087,ham,fit-all-train,5,0.6758966656039881,T3536,0.3076990034778413,H0151|T3536|T1607|T0470|H0670,spam|ham|ham|ham|ham,0.4763|0.3077|0.2406|0.2328|0.2121,False,True,True,2,0.5345742222331196,0.46542577776688043,ham,1.0006051108876781
T3701,train,4617,spam,Sunshine Quiz! Win a super Sony DVD recorder if you canname the capital of Australia? Text MQUIZ to 82277. B,0.4898869093896881,ham,0.4765814461728753,ham,5-fold-oof,5,0.0,,0.0,T0115|T1357|H0515|H0170|T3265,spam|spam|spam|spam|spam,0.3967|0.3967|0.3695|0.3695|0.1647,True,True,False,2,0.4832341777812817,0.5167658222187184,ham,0.9167658222187184
